Workbook

Sheet 进攻得分
A1: Rank | B1: Team | C1: 2021 | D1: Last 3 | E1: Last 1 | F1: Home | G1: Away | H1: 2020
A2: 1 | B2: Charlotte | C2: 114.7 | D2: 109 | E2: 92 | F2: 121.8 | G2: 109 | H2: 109.6
A3: 2 | B3: New York | C3: 113 | D3: 108.3 | E3: 98 | F3: 114.5 | G3: 111.5 | H3: 106.4
A4: 3 | B4: Utah | C4: 112.8 | D4: 114 | E4: 116 | F4: 116 | G4: 110.8 | H4: 116.5
A5: 4 | B5: LA Lakers | C5: 112.3 | D5: 106 | E5: 104 | F5: 110.1 | G5: 120 | H5: 108.5
A6: 5 | B6: Golden State | C6: 111.3 | D6: 106 | E6: 114 | F6: 108.2 | G6: 115.3 | H6: 113.5
A7: 6 | B7: Indiana | C7: 111.2 | D7: 112 | E7: 111 | F7: 109.4 | G7: 113.5 | H7: 115.7
A8: 7 | B8: Portland | C8: 111 | D8: 106.7 | E8: 104 | F8: 120.5 | G8: 101.5 | H8: 116.4
A9: 8 | B9: Washington | C9: 110.9 | D9: 108.7 | E9: 100 | F9: 118 | G9: 103.8 | H9: 116.3
A10: 8 | B10: Memphis | C10: 110.9 | D10: 105.7 | E10: 108 | F10: 112.2 | G10: 109.5 | H10: 113.3
A11: 8 | B11: Miami | C11: 110.9 | D11: 110.7 | E11: 78 | F11: 109 | G11: 112.8 | H11: 107.5
A12: 11 | B12: Philadelphia | C12: 110.8 | D12: 108.3 | E12: 109 | F12: 111.4 | G12: 110 | H12: 114
A13: 12 | B13: Sacramento | C13: 109.9 | D13: 108 | E13: 112 | F13: 106.7 | G13: 111.8 | H13: 113.7
... A31: 30 | B31: Detroit | C31: 95.5 | D31: 92.7 | E31: 98 | F31: 96.2 | G31: 94.8 | H31: 106.6

Sheet 防守得分
A1: Rank | B1: Team | C1: 2021 | D1: Last 3 | E1: Last 1 | F1: Home | G1: Away | H1: 2020
A2: 1 | B2: Miami | C2: 98.4 | D2: 102.7 | E2: 95 | F2: 94.8 | G2: 102 | H2: 108.6
A3: 2 | B3: Denver | C3: 99.4 | D3: 101.7 | E3: 108 | F3: 90 | G3: 105 | H3: 111.4
A4: 3 | B4: Utah | C4: 100.1 | D4: 102 | E4: 98 | F4: 103 | G4: 98.4 | H4: 108.6
A5: 4 | B5: Toronto | C5: 100.2 | D5: 99.3 | E5: 100 | F5: 104.2 | G5: 95.2 | H5: 111.7
A6: 5 | B6: Chicago | C6: 101.2 | D6: 105.3 | E6: 103 | F6: 99.2 | G6: 103.2 | H6: 111.6
A7: 6 | B7: Golden State | C7: 101.4 | D7: 92.7 | E7: 92 | F7: 97.8 | G7: 106.3 | H7: 112.6
A8: 7 | B8: Philadelphia | C8: 102.3 | D8: 99.7 | E8: 98 | F8: 102.2 | G8: 102.5 | H8: 108.2
A9: 8 | B9: LA Clippers | C9: 104.7 | D9: 106.7 | E9: 115 | F9: 98 | G9: 113.7 | H9: 107.8
A10: 9 | B10: Cleveland | C10: 104.9 | D10: 105 | E10: 104 | F10: 107.3 | G10: 103.7 | H10: 112.3
A11: 10 | B11: Brooklyn | C11: 105 | D11: 99 | E11: 108 | F11: 100.7 | G11: 118 | H11: 112.9
A12: 11 | B12: Minnesota | C12: 106.3 | D12: 111.3 | E12: 126 | F12: 106 | G12: 108 | H12: 117.7
A13: 12 | B13: Dallas | C13: 106.4 | D13: 110.7 | E13: 108 | F13: 107.2 | G13: 105.5 | H13: 110.3
... A31: 30 | B31: Charlotte | C31: 114.9 | D31: 113.3 | E31: 114 | F31: 122 | G31: 109.2 | H31: 111.8

Sheet 篮网egular Season Table (2)
A1: Rk | B1: G | C1: Date | D1: Column1 | E1: Opp | F1: W/L | G1: Tm | H1: Opp2 | I1: Team FG | J1: Team FGA | K1: Team FG% | L1: Team 3P | M1: Team 3PA | N1: Team 3P% | O1: Team FT | P1: Team FTA | Q1: Team FT% | R1: Team ORB | S1: Team TRB | T1: Team AST | U1: Team STL | V1: Team BLK | W1: Team TOV | X1: Team PF | Y1: 2 | Z1: Opponent FG | AA1: Opponent FGA | AB1: Opponent FG% | AC1: Opponent 3P | AD1: Opponent 3PA | AE1: Opponent 3P% | AF1: Opponent FT | AG1: Opponent FTA | AH1: Opponent FT% | AI1: Opponent ORB | AJ1: Opponent TRB | AK1: Opponent AST | AL1: Opponent STL | AM1: Opponent BLK | AN1: Opponent TOV | AO1: Opponent PF
A2: 1 | B2: 1 | C2: 2020-12-22 | E2: GSW | F2: W | G2: 125 | H2: 99 | I2: 42 | J2: 92 | K2: .457 | L2: 15 | M2: 35 | N2: .429 | O2: 26 | P2: 32 | Q2: .813 | R2: 13 | S2: 57 | T2: 24 | U2: 11 | V2: 7 | W2: 20 | X2: 22 | Z2: 37 | AA2: 99 | AB2: .374 | AC2: 10 | AD2: 33 | AE2: .303 | AF2: 15 | AG2: 23 | AH2: .652 | AI2: 13 | AJ2: 47 | AK2: 26 | AL2: 6 | AM2: 6 | AN2: 18 | AO2: 24
A3: 2 | B3: 2 | C3: 2020-12-25 | D3: @ | E3: BOS | F3: W | G3: 123 | H3: 95 | I3: 41 | J3: 76 | K3: .539 | L3: 15 | M3: 29 | N3: .517 | O3: 26 | P3: 31 | Q3: .839 | R3: 9 | S3: 43 | T3: 21 | U3: 5 | V3: 10 | W3: 15 | X3: 22 | Z3: 37 | AA3: 98 | AB3: .378 | AC3: 8 | AD3: 27 | AE3: .296 | AF3: 13 | AG3: 19 | AH3: .684 | AI3: 20 | AJ3: 47 | AK3: 23 | AL3: 6 | AM3: 5 | AN3: 15 | AO3: 27
A4: 3 | B4: 3 | C4: 2020-12-27 | D4: @ | E4: CHO | F4: L | G4: 104 | H4: 106 | I4: 35 | J4: 82 | K4: .427 | L4: 17 | M4: 47 | N4: .362 | O4: 17 | P4: 25 | Q4: .680 | R4: 6 | S4: 46 | T4: 23 | U4: 4 | V4: 5 | W4: 19 | X4: 17 | Z4: 43 | AA4: 96 | AB4: .448 | AC4: 10 | AD4: 34 | AE4: .294 | AF4: 10 | AG4: 17 | AH4: .588 | AI4: 13 | AJ4: 52 | AK4: 35 | AL4: 8 | AM4: 3 | AN4: 12 | AO4: 25
A5: 4 | B5: 4 | C5: 2020-12-28 | E5: MEM | F5: L | G5: 111 | H5: 116 | I5: 41 | J5: 100 | K5: .410 | L5: 14 | M5: 42 | N5: .333 | O5: 15 | P5: 17 | Q5: .882 | R5: 13 | S5: 50 | T5: 28 | U5: 13 | V5: 6 | W5: 17 | X5: 20 | Z5: 42 | AA5: 98 | AB5: .429 | AC5: 10 | AD5: 29 | AE5: .345 | AF5: 22 | AG5: 29 | AH5: .759 | AI5: 16 | AJ5: 56 | AK5: 20 | AL5: 10 | AM5: 4 | AN5: 19 | AO5: 17
A6: 5 | B6: 5 | C6: 2020-12-30 | E6: ATL | F6: W | G6: 145 | H6: 141 | I6: 54 | J6: 100 | K6: .540 | L6: 19 | M6: 41 | N6: .463 | O6: 18 | P6: 23 | Q6: .783 | R6: 9 | S6: 40 | T6: 30 | U6: 6 | V6: 3 | W6: 8 | X6: 24 | Z6: 47 | AA6: 99 | AB6: .475 | AC6: 18 | AD6: 46 | AE6: .391 | AF6: 29 | AG6: 35 | AH6: .829 | AI6: 17 | AJ6: 54 | AK6: 27 | AL6: 5 | AM6: 2 | AN6: 12 | AO6: 19
A7: 6 | B7: 6 | C7: 2021-01-01 | E7: ATL | F7: L | G7: 96 | H7: 114 | I7: 35 | J7: 86 | K7: .407 | L7: 7 | M7: 37 | N7: .189 | O7: 19 | P7: 23 | Q7: .826 | R7: 10 | S7: 45 | T7: 19 | U7: 6 | V7: 6 | W7: 15 | X7: 16 | Z7: 43 | AA7: 93 | AB7: .462 | AC7: 16 | AD7: 39 | AE7: .410 | AF7: 12 | AG7: 14 | AH7: .857 | AI7: 10 | AJ7: 48 | AK7: 24 | AL7: 8 | AM7: 3 | AN7: 9 | AO7: 20
A8: 7 | B8: 7 | C8: 2021-01-03 | E8: WAS | F8: L | G8: 122 | H8: 123 | I8: 40 | J8: 81 | K8: .494 | L8: 14 | M8: 32 | N8: .438 | O8: 28 | P8: 31 | Q8: .903 | R8: 7 | S8: 51 | T8: 25 | U8: 5 | V8: 9 | W8: 20 | X8: 24 | Z8: 43 | AA8: 104 | AB8: .413 | AC8: 12 | AD8: 33 | AE8: .364 | AF8: 25 | AG8: 34 | AH8: .735 | AI8: 13 | AJ8: 49 | AK8: 27 | AL8: 9 | AM8: 3 | AN8: 7 | AO8: 22
A9: 8 | B9: 8 | C9: 2021-01-05 | E9: UTA | F9: W | G9: 130 | H9: 96 | I9: 52 | J9: 93 | K9: .559 | L9: 14 | M9: 36 | N9: .389 | O9: 12 | P9: 16 | Q9: .750 | R9: 8 | S9: 51 | T9: 31 | U9: 11 | V9: 5 | W9: 12 | X9: 22 | Z9: 33 | AA9: 86 | AB9: .384 | AC9: 11 | AD9: 34 | AE9: .324 | AF9: 19 | AG9: 27 | AH9: .704 | AI9: 9 | AJ9: 41 | AK9: 17 | AL9: 6 | AM9: 3 | AN9: 15 | AO9: 18
A10: 9 | B10: 9 | C10: 2021-01-07 | E10: PHI | F10: W | G10: 122 | H10: 109 | I10: 44 | J10: 97 | K10: .454 | L10: 15 | M10: 37 | N10: .405 | O10: 19 | P10: 29 | Q10: .655 | R10: 11 | S10: 48 | T10: 30 | U10: 11 | V10: 7 | W10: 12 | X10: 17 | Z10: 41 | AA10: 87 | AB10: .471 | AC10: 9 | AD10: 26 | AE10: .346 | AF10: 18 | AG10: 20 | AH10: .900 | AI10: 4 | AJ10: 47 | AK10: 23 | AL10: 6 | AM10: 6 | AN10: 20 | AO10: 25
A11: 10 | B11: 10 | C11: 2021-01-08 | D11: @ | E11: MEM | F11: L | G11: 110 | H11: 115 | I11: 38 | J11: 81 | K11: .469 | L11: 14 | M11: 31 | N11: .452 | O11: 20 | P11: 21 | Q11: .952 | R11: 4 | S11: 42 | T11: 26 | U11: 6 | V11: 4 | W11: 20 | X11: 13 | Z11: 45 | AA11: 98 | AB11: .459 | AC11: 13 | AD11: 32 | AE11: .406 | AF11: 12 | AG11: 14 | AH11: .857 | AI11: 12 | AJ11: 46 | AK11: 29 | AL11: 14 | AM11: 6 | AN11: 12 | AO11: 18
A12: 11 | B12: 11 | C12: 2021-01-10 | E12: OKC | F12: L | G12: 116 | H12: 129 | I12: 43 | J12: 85 | K12: .506 | L12: 10 | M12: 34 | N12: .294 | O12: 20 | P12: 24 | Q12: .833 | R12: 6 | S12: 43 | T12: 23 | U12: 3 | V12: 2 | W12: 17 | X12: 18 | Z12: 49 | AA12: 90 | AB12: .544 | AC12: 15 | AD12: 39 | AE12: .385 | AF12: 16 | AG12: 17 | AH12: .941 | AI12: 3 | AJ12: 34 | AK12: 24 | AL12: 12 | AM12: 4 | AN12: 10 | AO12: 22
A13: 12 | B13: 12 | C13: 2021-01-12 | E13: DEN | F13: W | G13: 122 | H13: 116 | I13: 48 | J13: 79 | K13: .608 | L13: 16 | M13: 32 | N13: .500 | O13: 10 | P13: 15 | Q13: .667 | R13: 8 | S13: 41 | T13: 31 | U13: 6 | V13: 6 | W13: 18 | X13: 18 | Z13: 44 | AA13: 88 | AB13: .500 | AC13: 18 | AD13: 37 | AE13: .486 | AF13: 10 | AG13: 16 | AH13: .625 | AI13: 9 | AJ13: 32 | AK13: 28 | AL13: 12 | AM13: 5 | AN13: 13 | AO13: 18
A14: 13 | B14: 13 | C14: 2021-01-13 | D14: @ | E14: NYK | F14: W | G14: 116 | H14: 109 | I14: 44 | J14: 91 | K14: .484 | L14: 16 | M14: 40 | N14: .400 | O14: 12 | P14: 17 | Q14: .706 | R14: 12 | S14: 46 | T14: 29 | U14: 3 | V14: 5 | W14: 6 | X14: 12 | Z14: 44 | AA14: 92 | AB14: .478 | AC14: 11 | AD14: 28 | AE14: .393 | AF14: 10 | AG14: 12 | AH14: .833 | AI14: 12 | AJ14: 43 | AK14: 22 | AL14: 4 | AM14: 3 | AN14: 9 | AO14: 16
A15: 14 | B15: 14 | C15: 2021-01-16 | E15: ORL | F15: W | G15: 122 | H15: 115 | I15: 42 | J15: 78 | K15: .538 | L15: 16 | M15: 35 | N15: .457 | O15: 22 | P15: 25 | Q15: .880 | R15: 4 | S15: 41 | T15: 24 | U15: 9 | V15: 5 | W15: 19 | X15: 14 | Z15: 44 | AA15: 95 | AB15: .463 | AC15: 14 | AD15: 46 | AE15: .304 | AF15: 13 | AG15: 16 | AH15: .813 | AI15: 9 | AJ15: 38 | AK15: 28 | AL15: 13 | AM15: 4 | AN15: 12 | AO15: 19
A16: 15 | B16: 15 | C16: 2021-01-18 | E16: MIL | F16: W | G16: 125 | H16: 123 | I16: 46 | J16: 84 | K16: .548 | L16: 15 | M16: 31 | N16: .484 | O16: 18 | P16: 21 | Q16: .857 | R16: 7 | S16: 49 | T16: 26 | U16: 2 | V16: 5 | W16: 17 | X16: 19 | Z16: 46 | AA16: 105 | AB16: .438 | AC16: 11 | AD16: 38 | AE16: .289 | AF16: 20 | AG16: 24 | AH16: .833 | AI16: 11 | AJ16: 41 | AK16: 21 | AL16: 9 | AM16: 2 | AN16: 5 | AO16: 15
A17: 16 | B17: 16 | C17: 2021-01-20 | D17: @ | E17: CLE | F17: L | G17: 135 | H17: 147 | I17: 48 | J17: 106 | K17: .453 | L17: 15 | M17: 41 | N17: .366 | O17: 24 | P17: 27 | Q17: .889 | R17: 13 | S17: 52 | T17: 30 | U17: 8 | V17: 11 | W17: 16 | X17: 24 | Z17: 56 | AA17: 109 | AB17: .514 | AC17: 20 | AD17: 40 | AE17: .500 | AF17: 15 | AG17: 21 | AH17: .714 | AI17: 12 | AJ17: 50 | AK17: 29 | AL17: 10 | AM17: 6 | AN17: 14 | AO17: 21
A18: 17 | B18: 17 | C18: 2021-01-22 | D18: @ | E18: CLE | F18: L | G18: 113 | H18: 125 | I18: 42 | J18: 87 | K18: .483 | L18: 14 | M18: 43 | N18: .326 | O18: 15 | P18: 17 | Q18: .882 | R18: 6 | S18: 29 | T18: 23 | U18: 5 | V18: 8 | W18: 11 | X18: 25 | Z18: 45 | AA18: 87 | AB18: .517 | AC18: 8 | AD18: 25 | AE18: .320 | AF18: 27 | AG18: 32 | AH18: .844 | AI18: 13 | AJ18: 50 | AK18: 24 | AL18: 7 | AM18: 3 | AN18: 12 | AO18: 18
A19: 18 | B19: 18 | C19: 2021-01-23 | E19: MIA | F19: W | G19: 128 | H19: 124 | I19: 44 | J19: 83 | K19: .530 | L19: 19 | M19: 37 | N19: .514 | O19: 21 | P19: 26 | Q19: .808 | R19: 9 | S19: 47 | T19: 34 | U19: 0 | V19: 6 | W19: 16 | X19: 26 | Z19: 42 | AA19: 89 | AB19: .472 | AC19: 13 | AD19: 46 | AE19: .283 | AF19: 27 | AG19: 32 | AH19: .844 | AI19: 2 | AJ19: 31 | AK19: 29 | AL19: 7 | AM19: 1 | AN19: 8 | AO19: 23
A20: 19 | B20: 19 | C20: 2021-01-25 | E20: MIA | F20: W | G20: 98 | H20: 85 | I20: 34 | J20: 85 | K20: .400 | L20: 11 | M20: 38 | N20: .289 | O20: 19 | P20: 22 | Q20: .864 | R20: 6 | S20: 49 | T20: 24 | U20: 6 | V20: 5 | W20: 7 | X20: 18 | Z20: 31 | AA20: 84 | AB20: .369 | AC20: 11 | AD20: 43 | AE20: .256 | AF20: 12 | AG20: 17 | AH20: .706 | AI20: 8 | AJ20: 45 | AK20: 20 | AL20: 3 | AM20: 7 | AN20: 12 | AO20: 21
A21: 20 | B21: 20 | C21: 2021-01-27 | D21: @ | E21: ATL | F21: W | G21: 132 | H21: 128 | I21: 52 | J21: 98 | K21: .531 | L21: 11 | M21: 32 | N21: .344 | O21: 17 | P21: 20 | Q21: .850 | R21: 11 | S21: 36 | T21: 29 | U21: 7 | V21: 10 | W21: 9 | X21: 25 | Z21: 45 | AA21: 94 | AB21: .479 | AC21: 13 | AD21: 33 | AE21: .394 | AF21: 25 | AG21: 28 | AH21: .893 | AI21: 12 | AJ21: 37 | AK21: 29 | AL21: 3 | AM21: 7 | AN21: 9 | AO21: 18
I22: Team | J22: Team | K22: Team | L22: Team | M22: Team | N22: Team | O22: Team | P22: Team | Q22: Team | R22: Team | S22: Team | T22: Team | U22: Team | V22: Team | W22: Team | X22: Team | Z22: Opponent | AA22: Opponent | AB22: Opponent | AC22: Opponent | AD22: Opponent | AE22: Opponent | AF22: Opponent | AG22: Opponent | AH22: Opponent | AI22: Opponent | AJ22: Opponent | AK22: Opponent | AL22: Opponent | AM22: Opponent | AN22: Opponent | AO22: Opponent
A23: Rk | B23: G | C23: Date | E23: Opp | F23: W/L | G23: Tm | H23: Opp | I23: FG | J23: FGA | K23: FG% | L23: 3P | M23: 3PA | N23: 3P% | O23: FT | P23: FTA | Q23: FT% | R23: ORB | S23: TRB | T23: AST | U23: STL | V23: BLK | W23: TOV | X23: PF | Z23: FG | AA23: FGA | AB23: FG% | AC23: 3P | AD23: 3PA | AE23: 3P% | AF23: FT | AG23: FTA | AH23: FT% | AI23: ORB | AJ23: TRB | AK23: AST | AL23: STL | AM23: BLK | AN23: TOV | AO23: PF
A24: 21 | B24: 21 | C24: 2021-01-29 | D24: @ | E24: OKC | F24: W | G24: 147 | H24: 125 | I24: 57 | J24: 100 | K24: .570 | L24: 19 | M24: 45 | N24: .422 | O24: 14 | P24: 16 | Q24: .875 | R24: 10 | S24: 50 | T24: 33 | U24: 7 | V24: 4 | W24: 11 | X24: 25 | Z24: 40 | AA24: 86 | AB24: .465 | AC24: 16 | AD24: 38 | AE24: .421 | AF24: 29 | AG24: 34 | AH24: .853 | AI24: 6 | AJ24: 36 | AK24: 23 | AL24: 4 | AM24: 4 | AN24: 12 | AO24: 12
A25: 22 | B25: 22 | C25: 2021-01-31 | D25: @ | E25: WAS | F25: L | G25: 146 | H25: 149 | I25: 50 | J25: 88 | K25: .568 | L25: 19 | M25: 36 | N25: .528 | O25: 27 | P25: 33 | Q25: .818 | R25: 7 | S25: 45 | T25: 33 | U25: 6 | V25: 5 | W25: 17 | X25: 24 | Z25: 56 | AA25: 108 | AB25: .519 | AC25: 12 | AD25: 39 | AE25: .308 | AF25: 25 | AG25: 32 | AH25: .781 | AI25: 11 | AJ25: 39 | AK25: 24 | AL25: 10 | AM25: 2 | AN25: 7 | AO25: 22
A26: 23 | B26: 23 | C26: 2021-02-02 | E26: LAC | F26: W | G26: 124 | H26: 120 | I26: 45 | J26: 79 | K26: .570 | L26: 13 | M26: 31 | N26: .419 | O26: 21 | P26: 26 | Q26: .808 | R26: 6 | S26: 44 | T26: 25 | U26: 6 | V26: 4 | W26: 16 | X26: 17 | Z26: 45 | AA26: 99 | AB26: .455 | AC26: 15 | AD26: 36 | AE26: .417 | AF26: 15 | AG26: 17 | AH26: .882 | AI26: 11 | AJ26: 39 | AK26: 21 | AL26: 12 | AM26: 5 | AN26: 8 | AO26: 18
A27: 24 | B27: 24 | C27: 2021-02-05 | E27: TOR | F27: L | G27: 117 | H27: 123 | I27: 39 | J27: 80 | K27: .488 | L27: 17 | M27: 42 | N27: .405 | O27: 22 | P27: 29 | Q27: .759 | R27: 8 | S27: 40 | T27: 29 | U27: 5 | V27: 6 | W27: 18 | X27: 19 | Z27: 49 | AA27: 97 | AB27: .505 | AC27: 13 | AD27: 32 | AE27: .406 | AF27: 12 | AG27: 14 | AH27: .857 | AI27: 12 | AJ27: 41 | AK27: 22 | AL27: 10 | AM27: 6 | AN27: 10 | AO27: 25
A28: 25 | B28: 25 | C28: 2021-02-06 | D28: @ | E28: PHI | F28: L | G28: 108 | H28: 124 | I28: 39 | J28: 88 | K28: .443 | L28: 15 | M28: 41 | N28: .366 | O28: 15 | P28: 17 | Q28: .882 | R28: 8 | S28: 34 | T28: 21 | U28: 6 | V28: 3 | W28: 17 | X28: 18 | Z28: 48 | AA28: 94 | AB28: .511 | AC28: 10 | AD28: 27 | AE28: .370 | AF28: 18 | AG28: 22 | AH28: .818 | AI28: 13 | AJ28: 51 | AK28: 27 | AL28: 12 | AM28: 4 | AN28: 15 | AO28: 15
A29: 26 | B29: 26 | C29: 2021-02-09 | D29: @ | E29: DET | F29: L | G29: 111 | H29: 122 | I29: 43 | J29: 86 | K29: .500 | L29: 11 | M29: 30 | N29: .367 | O29: 14 | P29: 16 | Q29: .875 | R29: 8 | S29: 34 | T29: 30 | U29: 8 | V29: 6 | W29: 15 | X29: 22 | Z29: 47 | AA29: 84 | AB29: .560 | AC29: 13 | AD29: 29 | AE29: .448 | AF29: 15 | AG29: 21 | AH29: .714 | AI29: 7 | AJ29: 37 | AK29: 28 | AL29: 10 | AM29: 6 | AN29: 13 | AO29: 16
A30: 27 | B30: 27 | C30: 2021-02-10 | E30: IND | F30: W | G30: 104 | H30: 94 | I30: 32 | J30: 76 | K30: .421 | L30: 9 | M30: 31 | N30: .290 | O30: 31 | P30: 35 | Q30: .886 | R30: 9 | S30: 46 | T30: 20 | U30: 2 | V30: 5 | W30: 12 | X30: 20 | Z30: 36 | AA30: 92 | AB30: .391 | AC30: 15 | AD30: 38 | AE30: .395 | AF30: 7 | AG30: 11 | AH30: .636 | AI30: 10 | AJ30: 43 | AK30: 26 | AL30: 4 | AM30: 5 | AN30: 8 | AO30: 21
A31: 28 | B31: 28 | C31: 2021-02-13 | D31: @ | E31: GSW | F31: W | G31: 134 | H31: 117 | I31: 50 | J31: 93 | K31: .538 | L31: 16 | M31: 39 | N31: .410 | O31: 18 | P31: 20 | Q31: .900 | R31: 8 | S31: 45 | T31: 35 | U31: 9 | V31: 5 | W31: 13 | X31: 15 | Z31: 44 | AA31: 90 | AB31: .489 | AC31: 9 | AD31: 34 | AE31: .265 | AF31: 20 | AG31: 25 | AH31: .800 | AI31: 5 | AJ31: 37 | AK31: 25 | AL31: 6 | AM31: 6 | AN31: 13 | AO31: 15
A32: 29 | B32: 29 | C32: 2021-02-15 | D32: @ | E32: SAC | F32: W | G32: 136 | H32: 125 | I32: 51 | J32: 89 | K32: .573 | L32: 27 | M32: 47 | N32: .574 | O32: 7 | P32: 12 | Q32: .583 | R32: 9 | S32: 35 | T32: 31 | U32: 7 | V32: 4 | W32: 15 | X32: 16 | Z32: 51 | AA32: 96 | AB32: .531 | AC32: 12 | AD32: 33 | AE32: .364 | AF32: 11 | AG32: 13 | AH32: .846 | AI32: 15 | AJ32: 41 | AK32: 24 | AL32: 6 | AM32: 6 | AN32: 13 | AO32: 13
A33: 30 | B33: 30 | C33: 2021-02-16 | D33: @ | E33: PHO | F33: W | G33: 128 | H33: 124 | I33: 47 | J33: 82 | K33: .573 | L33: 20 | M33: 40 | N33: .500 | O33: 14 | P33: 15 | Q33: .933 | R33: 4 | S33: 37 | T33: 28 | U33: 4 | V33: 4 | W33: 10 | X33: 11 | Z33: 48 | AA33: 88 | AB33: .545 | AC33: 16 | AD33: 37 | AE33: .432 | AF33: 12 | AG33: 12 | AH33: 1.000 | AI33: 4 | AJ33: 34 | AK33: 28 | AL33: 7 | AM33: 3 | AN33: 6 | AO33: 15
A34: 31 | B34: 31 | C34: 2021-02-18 | D34: @ | E34: LAL | F34: W | G34: 109 | H34: 98 | I34: 38 | J34: 77 | K34: .494 | L34: 18 | M34: 39 | N34: .462 | O34: 15 | P34: 24 | Q34: .625 | R34: 8 | S34: 39 | T34: 23 | U34: 9 | V34: 3 | W34: 13 | X34: 18 | Z34: 40 | AA34: 83 | AB34: .482 | AC34: 8 | AD34: 30 | AE34: .267 | AF34: 10 | AG34: 14 | AH34: .714 | AI34: 10 | AJ34: 39 | AK34: 21 | AL34: 7 | AM34: 4 | AN34: 16 | AO34: 16
A35: 32 | B35: 32 | C35: 2021-02-21 | D35: @ | E35: LAC | F35: W | G35: 112 | H35: 108 | I35: 44 | J35: 92 | K35: .478 | L35: 11 | M35: 38 | N35: .289 | O35: 13 | P35: 19 | Q35: .684 | R35: 9 | S35: 40 | T35: 21 | U35: 10 | V35: 4 | W35: 6 | X35: 19 | Z35: 40 | AA35: 87 | AB35: .460 | AC35: 15 | AD35: 35 | AE35: .429 | AF35: 13 | AG35: 18 | AH35: .722 | AI35: 16 | AJ35: 52 | AK35: 24 | AL35: 3 | AM35: 4 | AN35: 16 | AO35: 17
A36: 33 | B36: 33 | C36: 2021-02-23 | E36: SAC | F36: W | G36: 127 | H36: 118 | I36: 44 | J36: 89 | K36: .494 | L36: 17 | M36: 40 | N36: .425 | O36: 22 | P36: 31 | Q36: .710 | R36: 10 | S36: 41 | T36: 30 | U36: 8 | V36: 5 | W36: 8 | X36: 16 | Z36: 45 | AA36: 87 | AB36: .517 | AC36: 15 | AD36: 31 | AE36: .484 | AF36: 13 | AG36: 19 | AH36: .684 | AI36: 5 | AJ36: 38 | AK36: 25 | AL36: 6 | AM36: 7 | AN36: 15 | AO36: 17
A37: 34 | B37: 34 | C37: 2021-02-25 | E37: ORL | F37: W | G37: 129 | H37: 92 | I37: 49 | J37: 92 | K37: .533 | L37: 20 | M37: 45 | N37: .444 | O37: 11 | P37: 14 | Q37: .786 | R37: 7 | S37: 51 | T37: 30 | U37: 11 | V37: 2 | W37: 13 | X37: 18 | Z37: 35 | AA37: 87 | AB37: .402 | AC37: 9 | AD37: 36 | AE37: .250 | AF37: 13 | AG37: 15 | AH37: .867 | AI37: 4 | AJ37: 35 | AK37: 19 | AL37: 8 | AM37: 1 | AN37: 18 | AO37: 10
A38: 35 | B38: 35 | C38: 2021-02-27 | E38: DAL | F38: L | G38: 98 | H38: 115 | I38: 35 | J38: 86 | K38: .407 | L38: 14 | M38: 44 | N38: .318 | O38: 14 | P38: 19 | Q38: .737 | R38: 14 | S38: 47 | T38: 21 | U38: 5 | V38: 4 | W38: 19 | X38: 16 | Z38: 45 | AA38: 86 | AB38: .523 | AC38: 14 | AD38: 36 | AE38: .389 | AF38: 11 | AG38: 17 | AH38: .647 | AI38: 6 | AJ38: 36 | AK38: 23 | AL38: 12 | AM38: 8 | AN38: 8 | AO38: 15
A39: 36 | B39: 36 | C39: 2021-03-01 | D39: @ | E39: SAS | F39: W | G39: 124 | H39: 113 | I39: 47 | J39: 100 | K39: .470 | L39: 17 | M39: 41 | N39: .415 | O39: 13 | P39: 17 | Q39: .765 | R39: 13 | S39: 51 | T39: 35 | U39: 6 | V39: 8 | W39: 5 | X39: 13 | Z39: 44 | AA39: 97 | AB39: .454 | AC39: 15 | AD39: 35 | AE39: .429 | AF39: 10 | AG39: 15 | AH39: .667 | AI39: 9 | AJ39: 48 | AK39: 30 | AL39: 2 | AM39: 3 | AN39: 9 | AO39: 16
A40: 37 | B40: 37 | C40: 2021-03-03 | D40: @ | E40: HOU | F40: W | G40: 132 | H40: 114 | I40: 49 | J40: 85 | K40: .576 | L40: 17 | M40: 35 | N40: .486 | O40: 17 | P40: 24 | Q40: .708 | R40: 10 | S40: 53 | T40: 33 | U40: 5 | V40: 1 | W40: 14 | X40: 24 | Z40: 38 | AA40: 91 | AB40: .418 | AC40: 18 | AD40: 43 | AE40: .419 | AF40: 20 | AG40: 28 | AH40: .714 | AI40: 12 | AJ40: 37 | AK40: 24 | AL40: 10 | AM40: 5 | AN40: 9 | AO40: 18
A41: 38 | B41: 38 | C41: 2021-03-11 | E41: BOS | F41: W | G41: 121 | H41: 109 | I41: 42 | J41: 88 | K41: .477 | L41: 19 | M41: 42 | N41: .452 | O41: 18 | P41: 22 | Q41: .818 | R41: 11 | S41: 45 | T41: 21 | U41: 3 | V41: 5 | W41: 14 | X41: 22 | Z41: 41 | AA41: 91 | AB41: .451 | AC41: 13 | AD41: 40 | AE41: .325 | AF41: 14 | AG41: 22 | AH41: .636 | AI41: 11 | AJ41: 39 | AK41: 22 | AL41: 10 | AM41: 10 | AN41: 11 | AO41: 13
A42: 39 | B42: 39 | C42: 2021-03-13 | E42: DET | F42: W | G42: 100 | H42: 95 | I42: 39 | J42: 80 | K42: .488 | L42: 6 | M42: 27 | N42: .222 | O42: 16 | P42: 22 | Q42: .727 | R42: 5 | S42: 35 | T42: 22 | U42: 8 | V42: 7 | W42: 12 | X42: 16 | Z42: 36 | AA42: 89 | AB42: .404 | AC42: 8 | AD42: 32 | AE42: .250 | AF42: 15 | AG42: 20 | AH42: .750 | AI42: 12 | AJ42: 46 | AK42: 26 | AL42: 10 | AM42: 8 | AN42: 12 | AO42: 16
A43: 40 | B43: 40 | C43: 2021-03-15 | E43: NYK | F43: W | G43: 117 | H43: 112 | I43: 44 | J43: 76 | K43: .579 | L43: 12 | M43: 29 | N43: .414 | O43: 17 | P43: 22 | Q43: .773 | R43: 3 | S43: 41 | T43: 29 | U43: 3 | V43: 6 | W43: 15 | X43: 19 | Z43: 37 | AA43: 92 | AB43: .402 | AC43: 15 | AD43: 42 | AE43: .357 | AF43: 23 | AG43: 27 | AH43: .852 | AI43: 13 | AJ43: 40 | AK43: 16 | AL43: 9 | AM43: 2 | AN43: 8 | AO43: 22
I44: Team | J44: Team | K44: Team | L44: Team | M44: Team | N44: Team | O44: Team | P44: Team | Q44: Team | R44: Team | S44: Team | T44: Team | U44: Team | V44: Team | W44: Team | X44: Team | Z44: Opponent | AA44: Opponent | AB44: Opponent | AC44: Opponent | AD44: Opponent | AE44: Opponent | AF44: Opponent | AG44: Opponent | AH44: Opponent | AI44: Opponent | AJ44: Opponent | AK44: Opponent | AL44: Opponent | AM44: Opponent | AN44: Opponent | AO44: Opponent
A45: Rk | B45: G | C45: Date | E45: Opp | F45: W/L | G45: Tm | H45: Opp | I45: FG | J45: FGA | K45: FG% | L45: 3P | M45: 3PA | N45: 3P% | O45: FT | P45: FTA | Q45: FT% | R45: ORB | S45: TRB | T45: AST | U45: STL | V45: BLK | W45: TOV | X45: PF | Z45: FG | AA45: FGA | AB45: FG% | AC45: 3P | AD45: 3PA | AE45: 3P% | AF45: FT | AG45: FTA | AH45: FT% | AI45: ORB | AJ45: TRB | AK45: AST | AL45: STL | AM45: BLK | AN45: TOV | AO45: PF
A46: 41 | B46: 41 | C46: 2021-03-17 | D46: @ | E46: IND | F46: W | G46: 124 | H46: 115 | I46: 42 | J46: 87 | K46: .483 | L46: 9 | M46: 27 | N46: .333 | O46: 31 | P46: 40 | Q46: .775 | R46: 15 | S46: 50 | T46: 22 | U46: 10 | V46: 2 | W46: 16 | X46: 20 | Z46: 43 | AA46: 84 | AB46: .512 | AC46: 9 | AD46: 32 | AE46: .281 | AF46: 20 | AG46: 25 | AH46: .800 | AI46: 4 | AJ46: 34 | AK46: 29 | AL46: 10 | AM46: 3 | AN46: 16 | AO46: 28
A47: 42 | B47: 42 | C47: 2021-03-19 | D47: @ | E47: ORL | F47: L | G47: 113 | H47: 121 | I47: 43 | J47: 91 | K47: .473 | L47: 10 | M47: 37 | N47: .270 | O47: 17 | P47: 23 | Q47: .739 | R47: 9 | S47: 39 | T47: 24 | U47: 9 | V47: 3 | W47: 8 | X47: 16 | Z47: 43 | AA47: 84 | AB47: .512 | AC47: 21 | AD47: 40 | AE47: .525 | AF47: 14 | AG47: 20 | AH47: .700 | AI47: 8 | AJ47: 44 | AK47: 26 | AL47: 4 | AM47: 1 | AN47: 17 | AO47: 20
A48: 43 | B48: 43 | C48: 2021-03-21 | E48: WAS | F48: W | G48: 113 | H48: 106 | I48: 44 | J48: 90 | K48: .489 | L48: 9 | M48: 29 | N48: .310 | O48: 16 | P48: 22 | Q48: .727 | R48: 10 | S48: 35 | T48: 24 | U48: 11 | V48: 8 | W48: 7 | X48: 18 | Z48: 42 | AA48: 79 | AB48: .532 | AC48: 7 | AD48: 21 | AE48: .333 | AF48: 15 | AG48: 19 | AH48: .789 | AI48: 10 | AJ48: 43 | AK48: 24 | AL48: 5 | AM48: 4 | AN48: 19 | AO48: 22
A49: 44 | B49: 44 | C49: 2021-03-23 | D49: @ | E49: POR | F49: W | G49: 116 | H49: 112 | I49: 43 | J49: 87 | K49: .494 | L49: 9 | M49: 30 | N49: .300 | O49: 21 | P49: 27 | Q49: .778 | R49: 10 | S49: 47 | T49: 25 | U49: 5 | V49: 2 | W49: 8 | X49: 17 | Z49: 36 | AA49: 90 | AB49: .400 | AC49: 19 | AD49: 55 | AE49: .345 | AF49: 21 | AG49: 23 | AH49: .913 | AI49: 13 | AJ49: 44 | AK49: 25 | AL49: 4 | AM49: 5 | AN49: 8 | AO49: 20
A50: 45 | B50: 45 | C50: 2021-03-24 | D50: @ | E50: UTA | F50: L | G50: 88 | H50: 118 | I50: 35 | J50: 97 | K50: .361 | L50: 7 | M50: 35 | N50: .200 | O50: 11 | P50: 15 | Q50: .733 | R50: 13 | S50: 48 | T50: 19 | U50: 9 | V50: 1 | W50: 9 | X50: 10 | Z50: 41 | AA50: 91 | AB50: .451 | AC50: 23 | AD50: 55 | AE50: .418 | AF50: 13 | AG50: 14 | AH50: .929 | AI50: 11 | AJ50: 56 | AK50: 24 | AL50: 6 | AM50: 6 | AN50: 11 | AO50: 15
A51: 46 | B51: 46 | C51: 2021-03-26 | D51: @ | E51: DET | F51: W | G51: 113 | H51: 111 | I51: 37 | J51: 84 | K51: .440 | L51: 13 | M51: 33 | N51: .394 | O51: 26 | P51: 34 | Q51: .765 | R51: 16 | S51: 49 | T51: 19 | U51: 3 | V51: 4 | W51: 10 | X51: 27 | Z51: 33 | AA51: 73 | AB51: .452 | AC51: 11 | AD51: 31 | AE51: .355 | AF51: 34 | AG51: 47 | AH51: .723 | AI51: 7 | AJ51: 36 | AK51: 19 | AL51: 6 | AM51: 4 | AN51: 9 | AO51: 30
A52: 47 | B52: 47 | C52: 2021-03-29 | E52: MIN | F52: W | G52: 112 | H52: 107 | I52: 40 | J52: 85 | K52: .471 | L52: 10 | M52: 30 | N52: .333 | O52: 22 | P52: 25 | Q52: .880 | R52: 7 | S52: 50 | T52: 31 | U52: 10 | V52: 7 | W52: 14 | X52: 18 | Z52: 40 | AA52: 103 | AB52: .388 | AC52: 14 | AD52: 44 | AE52: .318 | AF52: 13 | AG52: 17 | AH52: .765 | AI52: 17 | AJ52: 51 | AK52: 23 | AL52: 10 | AM52: 10 | AN52: 15 | AO52: 25
A53: 48 | B53: 48 | C53: 2021-03-31 | E53: HOU | F53: W | G53: 120 | H53: 108 | I53: 44 | J53: 90 | K53: .489 | L53: 13 | M53: 36 | N53: .361 | O53: 19 | P53: 19 | Q53: 1.000 | R53: 12 | S53: 45 | T53: 25 | U53: 6 | V53: 3 | W53: 11 | X53: 21 | Z53: 39 | AA53: 78 | AB53: .500 | AC53: 13 | AD53: 40 | AE53: .325 | AF53: 17 | AG53: 24 | AH53: .708 | AI53: 6 | AJ53: 31 | AK53: 22 | AL53: 5 | AM53: 8 | AN53: 13 | AO53: 21
A54: 49 | B54: 49 | C54: 2021-04-01 | E54: CHO | F54: W | G54: 111 | H54: 89 | I54: 44 | J54: 91 | K54: .484 | L54: 20 | M54: 45 | N54: .444 | O54: 3 | P54: 4 | Q54: .750 | R54: 13 | S54: 56 | T54: 34 | U54: 8 | V54: 5 | W54: 15 | X54: 18 | Z54: 30 | AA54: 86 | AB54: .349 | AC54: 13 | AD54: 38 | AE54: .342 | AF54: 16 | AG54: 19 | AH54: .842 | AI54: 11 | AJ54: 43 | AK54: 22 | AL54: 11 | AM54: 5 | AN54: 11 | AO54: 9
A55: 50 | B55: 50 | C55: 2021-04-04 | D55: @ | E55: CHI | F55: L | G55: 107 | H55: 115 | I55: 45 | J55: 93 | K55: .484 | L55: 11 | M55: 28 | N55: .393 | O55: 6 | P55: 7 | Q55: .857 | R55: 4 | S55: 35 | T55: 28 | U55: 3 | V55: 3 | W55: 5 | X55: 17 | Z55: 43 | AA55: 78 | AB55: .551 | AC55: 8 | AD55: 22 | AE55: .364 | AF55: 21 | AG55: 30 | AH55: .700 | AI55: 6 | AJ55: 40 | AK55: 29 | AL55: 4 | AM55: 3 | AN55: 9 | AO55: 11
A56: 51 | B56: 51 | C56: 2021-04-05 | E56: NYK | F56: W | G56: 114 | H56: 112 | I56: 42 | J56: 92 | K56: .457 | L56: 10 | M56: 32 | N56: .313 | O56: 20 | P56: 26 | Q56: .769 | R56: 11 | S56: 45 | T56: 27 | U56: 6 | V56: 6 | W56: 10 | X56: 14 | Z56: 40 | AA56: 86 | AB56: .465 | AC56: 14 | AD56: 29 | AE56: .483 | AF56: 18 | AG56: 22 | AH56: .818 | AI56: 5 | AJ56: 41 | AK56: 24 | AL56: 7 | AM56: 4 | AN56: 12 | AO56: 25
A57: 52 | B57: 52 | C57: 2021-04-07 | E57: NOP | F57: W | G57: 139 | H57: 111 | I57: 51 | J57: 92 | K57: .554 | L57: 19 | M57: 41 | N57: .463 | O57: 18 | P57: 22 | Q57: .818 | R57: 10 | S57: 45 | T57: 37 | U57: 10 | V57: 8 | W57: 17 | X57: 31 | Z57: 38 | AA57: 89 | AB57: .427 | AC57: 6 | AD57: 27 | AE57: .222 | AF57: 29 | AG57: 39 | AH57: .744 | AI57: 17 | AJ57: 40 | AK57: 23 | AL57: 9 | AM57: 2 | AN57: 14 | AO57: 14
A58: 53 | B58: 53 | C58: 2021-04-10 | E58: LAL | F58: L | G58: 101 | H58: 126 | I58: 35 | J58: 80 | K58: .438 | L58: 5 | M58: 27 | N58: .185 | O58: 26 | P58: 30 | Q58: .867 | R58: 9 | S58: 42 | T58: 19 | U58: 6 | V58: 10 | W58: 19 | X58: 20 | Z58: 47 | AA58: 93 | AB58: .505 | AC58: 19 | AD58: 34 | AE58: .559 | AF58: 13 | AG58: 20 | AH58: .650 | AI58: 12 | AJ58: 47 | AK58: 30 | AL58: 12 | AM58: 4 | AN58: 14 | AO58: 24
A59: 54 | B59: 54 | C59: 2021-04-13 | D59: @ | E59: MIN | F59: W | G59: 127 | H59: 97 | I59: 46 | J59: 91 | K59: .505 | L59: 15 | M59: 36 | N59: .417 | O59: 20 | P59: 24 | Q59: .833 | R59: 11 | S59: 57 | T59: 31 | U59: 8 | V59: 4 | W59: 18 | X59: 22 | Z59: 30 | AA59: 87 | AB59: .345 | AC59: 13 | AD59: 49 | AE59: .265 | AF59: 24 | AG59: 33 | AH59: .727 | AI59: 11 | AJ59: 44 | AK59: 16 | AL59: 13 | AM59: 12 | AN59: 14 | AO59: 20
A60: 55 | B60: 55 | C60: 2021-04-14 | D60: @ | E60: PHI | F60: L | G60: 117 | H60: 123 | I60: 43 | J60: 83 | K60: .518 | L60: 4 | M60: 21 | N60: .190 | O60: 27 | P60: 30 | Q60: .900 | R60: 11 | S60: 43 | T60: 23 | U60: 6 | V60: 3 | W60: 15 | X60: 21 | Z60: 45 | AA60: 87 | AB60: .517 | AC60: 13 | AD60: 28 | AE60: .464 | AF60: 20 | AG60: 25 | AH60: .800 | AI60: 4 | AJ60: 32 | AK60: 23 | AL60: 8 | AM60: 9 | AN60: 10 | AO60: 21
A61: 56 | B61: 56 | C61: 2021-04-16 | E61: CHO | F61: W | G61: 130 | H61: 115 | I61: 47 | J61: 85 | K61: .553 | L61: 21 | M61: 41 | N61: .512 | O61: 15 | P61: 16 | Q61: .938 | R61: 7 | S61: 37 | T61: 35 | U61: 12 | V61: 5 | W61: 18 | X61: 17 | Z61: 44 | AA61: 83 | AB61: .530 | AC61: 12 | AD61: 34 | AE61: .353 | AF61: 15 | AG61: 20 | AH61: .750 | AI61: 8 | AJ61: 37 | AK61: 26 | AL61: 12 | AM61: 3 | AN61: 19 | AO61: 18
A62: 57 | B62: 57 | C62: 2021-04-18 | D62: @ | E62: MIA | F62: L | G62: 107 | H62: 109 | I62: 39 | J62: 82 | K62: .476 | L62: 17 | M62: 43 | N62: .395 | O62: 12 | P62: 18 | Q62: .667 | R62: 8 | S62: 38 | T62: 26 | U62: 10 | V62: 6 | W62: 11 | X62: 17 | Z62: 38 | AA62: 87 | AB62: .437 | AC62: 16 | AD62: 39 | AE62: .410 | AF62: 17 | AG62: 21 | AH62: .810 | AI62: 16 | AJ62: 53 | AK62: 28 | AL62: 9 | AM62: 1 | AN62: 16 | AO62: 13
A63: 58 | B63: 58 | C63: 2021-04-20 | D63: @ | E63: NOP | F63: W | G63: 134 | H63: 129 | I63: 49 | J63: 89 | K63: .551 | L63: 14 | M63: 37 | N63: .378 | O63: 22 | P63: 28 | Q63: .786 | R63: 10 | S63: 44 | T63: 30 | U63: 7 | V63: 2 | W63: 13 | X63: 21 | Z63: 51 | AA63: 91 | AB63: .560 | AC63: 12 | AD63: 33 | AE63: .364 | AF63: 15 | AG63: 24 | AH63: .625 | AI63: 7 | AJ63: 37 | AK63: 28 | AL63: 5 | AM63: 2 | AN63: 13 | AO63: 21
A64: 59 | B64: 59 | C64: 2021-04-21 | D64: @ | E64: TOR | F64: L | G64: 103 | H64: 114 | I64: 36 | J64: 91 | K64: .396 | L64: 13 | M64: 41 | N64: .317 | O64: 18 | P64: 23 | Q64: .783 | R64: 12 | S64: 50 | T64: 19 | U64: 3 | V64: 6 | W64: 13 | X64: 17 | Z64: 39 | AA64: 90 | AB64: .433 | AC64: 18 | AD64: 47 | AE64: .383 | AF64: 18 | AG64: 21 | AH64: .857 | AI64: 9 | AJ64: 48 | AK64: 23 | AL64: 7 | AM64: 8 | AN64: 10 | AO64: 20
A65: 60 | B65: 60 | C65: 2021-04-23 | E65: BOS | F65: W | G65: 109 | H65: 104 | I65: 37 | J65: 86 | K65: .430 | L65: 11 | M65: 32 | N65: .344 | O65: 24 | P65: 28 | Q65: .857 | R65: 6 | S65: 47 | T65: 26 | U65: 12 | V65: 7 | W65: 11 | X65: 19 | Z65: 38 | AA65: 94 | AB65: .404 | AC65: 17 | AD65: 42 | AE65: .405 | AF65: 11 | AG65: 16 | AH65: .688 | AI65: 15 | AJ65: 54 | AK65: 21 | AL65: 6 | AM65: 6 | AN65: 19 | AO65: 20
I66: Team | J66: Team | K66: Team | L66: Team | M66: Team | N66: Team | O66: Team | P66: Team | Q66: Team | R66: Team | S66: Team | T66: Team | U66: Team | V66: Team | W66: Team | X66: Team | Z66: Opponent | AA66: Opponent | AB66: Opponent | AC66: Opponent | AD66: Opponent | AE66: Opponent | AF66: Opponent | AG66: Opponent | AH66: Opponent | AI66: Opponent | AJ66: Opponent | AK66: Opponent | AL66: Opponent | AM66: Opponent | AN66: Opponent | AO66: Opponent
A67: Rk | B67: G | C67: Date | E67: Opp | F67: W/L | G67: Tm | H67: Opp | I67: FG | J67: FGA | K67: FG% | L67: 3P | M67: 3PA | N67: 3P% | O67: FT | P67: FTA | Q67: FT% | R67: ORB | S67: TRB | T67: AST | U67: STL | V67: BLK | W67: TOV | X67: PF | Z67: FG | AA67: FGA | AB67: FG% | AC67: 3P | AD67: 3PA | AE67: 3P% | AF67: FT | AG67: FTA | AH67: FT% | AI67: ORB | AJ67: TRB | AK67: AST | AL67: STL | AM67: BLK | AN67: TOV | AO67: PF
A68: 61 | B68: 61 | C68: 2021-04-25 | E68: PHO | F68: W | G68: 128 | H68: 119 | I68: 46 | J68: 87 | K68: .529 | L68: 13 | M68: 28 | N68: .464 | O68: 23 | P68: 27 | Q68: .852 | R68: 11 | S68: 44 | T68: 30 | U68: 6 | V68: 4 | W68: 10 | X68: 17 | Z68: 43 | AA68: 90 | AB68: .478 | AC68: 12 | AD68: 34 | AE68: .353 | AF68: 21 | AG68: 25 | AH68: .840 | AI68: 15 | AJ68: 43 | AK68: 22 | AL68: 5 | AM68: 3 | AN68: 12 | AO68: 24
A69: 62 | B69: 62 | C69: 2021-04-27 | D69: @ | E69: TOR | F69: W | G69: 116 | H69: 103 | I69: 40 | J69: 83 | K69: .482 | L69: 18 | M69: 45 | N69: .400 | O69: 18 | P69: 18 | Q69: 1.000 | R69: 7 | S69: 41 | T69: 30 | U69: 9 | V69: 6 | W69: 10 | X69: 20 | Z69: 36 | AA69: 91 | AB69: .396 | AC69: 15 | AD69: 43 | AE69: .349 | AF69: 16 | AG69: 19 | AH69: .842 | AI69: 15 | AJ69: 47 | AK69: 24 | AL69: 5 | AM69: 3 | AN69: 13 | AO69: 19
A70: 63 | B70: 63 | C70: 2021-04-29 | D70: @ | E70: IND | F70: W | G70: 130 | H70: 113 | I70: 47 | J70: 89 | K70: .528 | L70: 12 | M70: 35 | N70: .343 | O70: 24 | P70: 28 | Q70: .857 | R70: 8 | S70: 50 | T70: 35 | U70: 3 | V70: 5 | W70: 13 | X70: 19 | Z70: 41 | AA70: 96 | AB70: .427 | AC70: 11 | AD70: 39 | AE70: .282 | AF70: 20 | AG70: 21 | AH70: .952 | AI70: 7 | AJ70: 38 | AK70: 23 | AL70: 8 | AM70: 6 | AN70: 10 | AO70: 23
A71: 64 | B71: 64 | C71: 2021-04-30 | E71: POR | F71: L | G71: 109 | H71: 128 | I71: 40 | J71: 95 | K71: .421 | L71: 13 | M71: 41 | N71: .317 | O71: 16 | P71: 19 | Q71: .842 | R71: 11 | S71: 42 | T71: 20 | U71: 6 | V71: 3 | W71: 8 | X71: 18 | Z71: 47 | AA71: 91 | AB71: .516 | AC71: 16 | AD71: 36 | AE71: .444 | AF71: 18 | AG71: 20 | AH71: .900 | AI71: 8 | AJ71: 50 | AK71: 24 | AL71: 3 | AM71: 2 | AN71: 10 | AO71: 17
A72: 65 | B72: 65 | C72: 2021-05-02 | D72: @ | E72: MIL | F72: L | G72: 114 | H72: 117 | I72: 41 | J72: 96 | K72: .427 | L72: 17 | M72: 42 | N72: .405 | O72: 15 | P72: 17 | Q72: .882 | R72: 14 | S72: 53 | T72: 18 | U72: 5 | V72: 1 | W72: 16 | X72: 11 | Z72: 48 | AA72: 98 | AB72: .490 | AC72: 15 | AD72: 37 | AE72: .405 | AF72: 6 | AG72: 12 | AH72: .500 | AI72: 8 | AJ72: 45 | AK72: 19 | AL72: 9 | AM72: 11 | AN72: 10 | AO72: 18
A73: 66 | B73: 66 | C73: 2021-05-04 | D73: @ | E73: MIL | F73: L | G73: 118 | H73: 124 | I73: 41 | J73: 84 | K73: .488 | L73: 20 | M73: 43 | N73: .465 | O73: 16 | P73: 26 | Q73: .615 | R73: 6 | S73: 39 | T73: 21 | U73: 6 | V73: 6 | W73: 13 | X73: 25 | Z73: 44 | AA73: 98 | AB73: .449 | AC73: 14 | AD73: 37 | AE73: .378 | AF73: 22 | AG73: 27 | AH73: .815 | AI73: 15 | AJ73: 55 | AK73: 23 | AL73: 7 | AM73: 3 | AN73: 12 | AO73: 21
A74: 67 | B74: 67 | C74: 2021-05-06 | D74: @ | E74: DAL | F74: L | G74: 109 | H74: 113 | I74: 41 | J74: 95 | K74: .432 | L74: 13 | M74: 37 | N74: .351 | O74: 14 | P74: 15 | Q74: .933 | R74: 10 | S74: 51 | T74: 18 | U74: 8 | V74: 4 | W74: 13 | X74: 18 | Z74: 40 | AA74: 89 | AB74: .449 | AC74: 15 | AD74: 34 | AE74: .441 | AF74: 18 | AG74: 26 | AH74: .692 | AI74: 12 | AJ74: 51 | AK74: 23 | AL74: 10 | AM74: 3 | AN74: 12 | AO74: 15
A75: 68 | B75: 68 | C75: 2021-05-08 | D75: @ | E75: DEN | F75: W | G75: 125 | H75: 119 | I75: 41 | J75: 66 | K75: .621 | L75: 16 | M75: 31 | N75: .516 | O75: 27 | P75: 33 | Q75: .818 | R75: 2 | S75: 35 | T75: 27 | U75: 10 | V75: 5 | W75: 17 | X75: 24 | Z75: 42 | AA75: 92 | AB75: .457 | AC75: 14 | AD75: 41 | AE75: .341 | AF75: 21 | AG75: 23 | AH75: .913 | AI75: 10 | AJ75: 33 | AK75: 21 | AL75: 8 | AM75: 1 | AN75: 12 | AO75: 23
A76: 69 | B76: 69 | C76: 2021-05-11 | D76: @ | E76: CHI | F76: W | G76: 115 | H76: 107 | I76: 42 | J76: 89 | K76: .472 | L76: 12 | M76: 33 | N76: .364 | O76: 19 | P76: 25 | Q76: .760 | R76: 13 | S76: 51 | T76: 32 | U76: 4 | V76: 8 | W76: 7 | X76: 19 | Z76: 39 | AA76: 96 | AB76: .406 | AC76: 18 | AD76: 44 | AE76: .409 | AF76: 11 | AG76: 14 | AH76: .786 | AI76: 10 | AJ76: 45 | AK76: 21 | AL76: 4 | AM76: 5 | AN76: 9 | AO76: 20
A77: 70 | B77: 70 | C77: 2021-05-12 | E77: SAS | F77: W | G77: 128 | H77: 116 | I77: 48 | J77: 79 | K77: .608 | L77: 12 | M77: 28 | N77: .429 | O77: 20 | P77: 27 | Q77: .741 | R77: 3 | S77: 43 | T77: 33 | U77: 3 | V77: 9 | W77: 11 | X77: 19 | Z77: 43 | AA77: 101 | AB77: .426 | AC77: 8 | AD77: 31 | AE77: .258 | AF77: 22 | AG77: 27 | AH77: .815 | AI77: 16 | AJ77: 46 | AK77: 21 | AL77: 7 | AM77: 2 | AN77: 8 | AO77: 19
A78: 71 | B78: 71 | C78: 2021-05-15 | E78: CHI | F78: W | G78: 105 | H78: 91 | I78: 41 | J78: 87 | K78: .471 | L78: 14 | M78: 34 | N78: .412 | O78: 9 | P78: 15 | Q78: .600 | R78: 8 | S78: 52 | T78: 26 | U78: 6 | V78: 8 | W78: 9 | X78: 16 | Z78: 34 | AA78: 98 | AB78: .347 | AC78: 11 | AD78: 41 | AE78: .268 | AF78: 12 | AG78: 17 | AH78: .706 | AI78: 19 | AJ78: 52 | AK78: 24 | AL78: 7 | AM78: 4 | AN78: 9 | AO78: 13
A79: 72 | B79: 72 | C79: 2021-05-16 | E79: CLE | F79: W | G79: 123 | H79: 109 | I79: 47 | J79: 83 | K79: .566 | L79: 16 | M79: 30 | N79: .533 | O79: 13 | P79: 17 | Q79: .765 | R79: 4 | S79: 37 | T79: 35 | U79: 9 | V79: 9 | W79: 12 | X79: 20 | Z79: 38 | AA79: 85 | AB79: .447 | AC79: 12 | AD79: 39 | AE79: .308 | AF79: 21 | AG79: 31 | AH79: .677 | AI79: 11 | AJ79: 45 | AK79: 16 | AL79: 8 | AM79: 5 | AN79: 14 | AO79: 14
G81: =_xlfn.STDEV.P(G83:G154) -> 12.06329
G83: 125
G84: 123
G85: 104
G86: 111
G87: 145
G88: 96
G89: 122
G90: 130
G91: 122
G92: 110
G93: 116
G94: 122
... G154: 123

Sheet 湖人Regular Season Table (3)
A1: Rk | B1: G | C1: Date | D1: Column1 | E1: Opp | F1: W/L | G1: Tm | H1: Opp2 | I1: Team FG | J1: Team FGA | K1: Team FG% | L1: Team 3P | M1: Team 3PA | N1: Team 3P% | O1: Team FT | P1: Team FTA | Q1: Team FT% | R1: Team ORB | S1: Team TRB | T1: Team AST | U1: Team STL | V1: Team BLK | W1: Team TOV | X1: Team PF | Y1: 2 | Z1: Opponent FG | AA1: Opponent FGA | AB1: Opponent FG% | AC1: Opponent 3P | AD1: Opponent 3PA | AE1: Opponent 3P% | AF1: Opponent FT | AG1: Opponent FTA | AH1: Opponent FT% | AI1: Opponent ORB | AJ1: Opponent TRB | AK1: Opponent AST | AL1: Opponent STL | AM1: Opponent BLK | AN1: Opponent TOV | AO1: Opponent PF
A2: 1 | B2: 1 | C2: 2020-12-22 | E2: LAC | F2: L | G2: 109 | H2: 116 | I2: 38 | J2: 81 | K2: .469 | L2: 9 | M2: 29 | N2: .310 | O2: 24 | P2: 31 | Q2: .774 | R2: 8 | S2: 45 | T2: 22 | U2: 4 | V2: 2 | W2: 19 | X2: 20 | Z2: 44 | AA2: 93 | AB2: .473 | AC2: 14 | AD2: 40 | AE2: .350 | AF2: 14 | AG2: 19 | AH2: .737 | AI2: 11 | AJ2: 40 | AK2: 22 | AL2: 10 | AM2: 3 | AN2: 16 | AO2: 29
A3: 2 | B3: 2 | C3: 2020-12-25 | E3: DAL | F3: W | G3: 138 | H3: 115 | I3: 51 | J3: 91 | K3: .560 | L3: 19 | M3: 39 | N3: .487 | O3: 17 | P3: 24 | Q3: .708 | R3: 17 | S3: 53 | T3: 33 | U3: 9 | V3: 4 | W3: 16 | X3: 23 | Z3: 41 | AA3: 83 | AB3: .494 | AC3: 13 | AD3: 32 | AE3: .406 | AF3: 20 | AG3: 26 | AH3: .769 | AI3: 3 | AJ3: 27 | AK3: 20 | AL3: 13 | AM3: 3 | AN3: 9 | AO3: 22
A4: 3 | B4: 3 | C4: 2020-12-27 | E4: MIN | F4: W | G4: 127 | H4: 91 | I4: 50 | J4: 90 | K4: .556 | L4: 13 | M4: 35 | N4: .371 | O4: 14 | P4: 18 | Q4: .778 | R4: 5 | S4: 46 | T4: 32 | U4: 6 | V4: 14 | W4: 17 | X4: 19 | Z4: 38 | AA4: 103 | AB4: .369 | AC4: 6 | AD4: 35 | AE4: .171 | AF4: 9 | AG4: 14 | AH4: .643 | AI4: 17 | AJ4: 48 | AK4: 24 | AL4: 11 | AM4: 6 | AN4: 17 | AO4: 24
A5: 4 | B5: 4 | C5: 2020-12-28 | E5: POR | F5: L | G5: 107 | H5: 115 | I5: 41 | J5: 87 | K5: .471 | L5: 10 | M5: 27 | N5: .370 | O5: 15 | P5: 18 | Q5: .833 | R5: 6 | S5: 41 | T5: 20 | U5: 6 | V5: 5 | W5: 14 | X5: 14 | Z5: 43 | AA5: 92 | AB5: .467 | AC5: 16 | AD5: 46 | AE5: .348 | AF5: 13 | AG5: 15 | AH5: .867 | AI5: 7 | AJ5: 45 | AK5: 27 | AL5: 9 | AM5: 6 | AN5: 9 | AO5: 16
A6: 5 | B6: 5 | C6: 2020-12-30 | D6: @ | E6: SAS | F6: W | G6: 121 | H6: 107 | I6: 46 | J6: 82 | K6: .561 | L6: 14 | M6: 26 | N6: .538 | O6: 15 | P6: 20 | Q6: .750 | R6: 7 | S6: 47 | T6: 25 | U6: 4 | V6: 3 | W6: 17 | X6: 24 | Z6: 40 | AA6: 87 | AB6: .460 | AC6: 10 | AD6: 24 | AE6: .417 | AF6: 17 | AG6: 23 | AH6: .739 | AI6: 7 | AJ6: 39 | AK6: 25 | AL6: 8 | AM6: 4 | AN6: 10 | AO6: 18
A7: 6 | B7: 6 | C7: 2021-01-01 | D7: @ | E7: SAS | F7: W | G7: 109 | H7: 103 | I7: 41 | J7: 101 | K7: .406 | L7: 14 | M7: 33 | N7: .424 | O7: 13 | P7: 16 | Q7: .813 | R7: 16 | S7: 58 | T7: 27 | U7: 8 | V7: 7 | W7: 13 | X7: 20 | Z7: 36 | AA7: 85 | AB7: .424 | AC7: 13 | AD7: 34 | AE7: .382 | AF7: 18 | AG7: 26 | AH7: .692 | AI7: 8 | AJ7: 45 | AK7: 23 | AL7: 3 | AM7: 8 | AN7: 13 | AO7: 20
A8: 7 | B8: 7 | C8: 2021-01-03 | D8: @ | E8: MEM | F8: W | G8: 108 | H8: 94 | I8: 41 | J8: 89 | K8: .461 | L8: 12 | M8: 35 | N8: .343 | O8: 14 | P8: 19 | Q8: .737 | R8: 12 | S8: 49 | T8: 24 | U8: 9 | V8: 5 | W8: 10 | X8: 15 | Z8: 39 | AA8: 95 | AB8: .411 | AC8: 9 | AD8: 33 | AE8: .273 | AF8: 7 | AG8: 8 | AH8: .875 | AI8: 14 | AJ8: 50 | AK8: 23 | AL8: 6 | AM8: 3 | AN8: 11 | AO8: 18
A9: 8 | B9: 8 | C9: 2021-01-05 | D9: @ | E9: MEM | F9: W | G9: 94 | H9: 92 | I9: 38 | J9: 87 | K9: .437 | L9: 9 | M9: 31 | N9: .290 | O9: 9 | P9: 11 | Q9: .818 | R9: 9 | S9: 52 | T9: 24 | U9: 7 | V9: 8 | W9: 17 | X9: 14 | Z9: 36 | AA9: 87 | AB9: .414 | AC9: 10 | AD9: 26 | AE9: .385 | AF9: 10 | AG9: 13 | AH9: .769 | AI9: 5 | AJ9: 38 | AK9: 24 | AL9: 14 | AM9: 4 | AN9: 13 | AO9: 14
A10: 9 | B10: 9 | C10: 2021-01-07 | E10: SAS | F10: L | G10: 109 | H10: 118 | I10: 43 | J10: 86 | K10: .500 | L10: 10 | M10: 30 | N10: .333 | O10: 13 | P10: 21 | Q10: .619 | R10: 9 | S10: 48 | T10: 21 | U10: 2 | V10: 4 | W10: 13 | X10: 20 | Z10: 43 | AA10: 92 | AB10: .467 | AC10: 16 | AD10: 35 | AE10: .457 | AF10: 16 | AG10: 17 | AH10: .941 | AI10: 6 | AJ10: 40 | AK10: 28 | AL10: 4 | AM10: 3 | AN10: 6 | AO10: 15
A11: 10 | B11: 10 | C11: 2021-01-08 | E11: CHI | F11: W | G11: 117 | H11: 115 | I11: 41 | J11: 81 | K11: .506 | L11: 12 | M11: 29 | N11: .414 | O11: 23 | P11: 27 | Q11: .852 | R11: 10 | S11: 42 | T11: 21 | U11: 3 | V11: 8 | W11: 15 | X11: 15 | Z11: 46 | AA11: 91 | AB11: .505 | AC11: 10 | AD11: 26 | AE11: .385 | AF11: 13 | AG11: 14 | AH11: .929 | AI11: 9 | AJ11: 41 | AK11: 26 | AL11: 10 | AM11: 3 | AN11: 12 | AO11: 23
A12: 11 | B12: 11 | C12: 2021-01-10 | D12: @ | E12: HOU | F12: W | G12: 120 | H12: 102 | I12: 46 | J12: 91 | K12: .505 | L12: 10 | M12: 29 | N12: .345 | O12: 18 | P12: 24 | Q12: .750 | R12: 10 | S12: 49 | T12: 28 | U12: 13 | V12: 8 | W12: 16 | X12: 23 | Z12: 37 | AA12: 90 | AB12: .411 | AC12: 12 | AD12: 41 | AE12: .293 | AF12: 16 | AG12: 23 | AH12: .696 | AI12: 13 | AJ12: 43 | AK12: 22 | AL12: 7 | AM12: 8 | AN12: 21 | AO12: 22
A13: 12 | B13: 12 | C13: 2021-01-12 | D13: @ | E13: HOU | F13: W | G13: 117 | H13: 100 | I13: 42 | J13: 84 | K13: .500 | L13: 14 | M13: 32 | N13: .438 | O13: 19 | P13: 27 | Q13: .704 | R13: 11 | S13: 55 | T13: 26 | U13: 10 | V13: 12 | W13: 20 | X13: 18 | Z13: 38 | AA13: 97 | AB13: .392 | AC13: 12 | AD13: 40 | AE13: .300 | AF13: 12 | AG13: 16 | AH13: .750 | AI13: 10 | AJ13: 42 | AK13: 23 | AL13: 14 | AM13: 5 | AN13: 13 | AO13: 19
A14: 13 | B14: 13 | C14: 2021-01-13 | D14: @ | E14: OKC | F14: W | G14: 128 | H14: 99 | I14: 47 | J14: 95 | K14: .495 | L14: 17 | M14: 37 | N14: .459 | O14: 17 | P14: 22 | Q14: .773 | R14: 12 | S14: 50 | T14: 26 | U14: 6 | V14: 6 | W14: 9 | X14: 16 | Z14: 37 | AA14: 86 | AB14: .430 | AC14: 10 | AD14: 31 | AE14: .323 | AF14: 15 | AG14: 19 | AH14: .789 | AI14: 9 | AJ14: 42 | AK14: 23 | AL14: 4 | AM14: 6 | AN14: 11 | AO14: 21
A15: 14 | B15: 14 | C15: 2021-01-15 | E15: NOP | F15: W | G15: 112 | H15: 95 | I15: 39 | J15: 93 | K15: .419 | L15: 15 | M15: 37 | N15: .405 | O15: 19 | P15: 26 | Q15: .731 | R15: 13 | S15: 44 | T15: 31 | U15: 11 | V15: 6 | W15: 6 | X15: 16 | Z15: 41 | AA15: 86 | AB15: .477 | AC15: 9 | AD15: 29 | AE15: .310 | AF15: 4 | AG15: 8 | AH15: .500 | AI15: 10 | AJ15: 47 | AK15: 22 | AL15: 3 | AM15: 5 | AN15: 20 | AO15: 21
A16: 15 | B16: 15 | C16: 2021-01-18 | E16: GSW | F16: L | G16: 113 | H16: 115 | I16: 40 | J16: 83 | K16: .482 | L16: 9 | M16: 29 | N16: .310 | O16: 24 | P16: 33 | Q16: .727 | R16: 12 | S16: 50 | T16: 23 | U16: 6 | V16: 5 | W16: 16 | X16: 22 | Z16: 44 | AA16: 87 | AB16: .506 | AC16: 12 | AD16: 37 | AE16: .324 | AF16: 15 | AG16: 20 | AH16: .750 | AI16: 5 | AJ16: 32 | AK16: 31 | AL16: 8 | AM16: 3 | AN16: 13 | AO16: 27
A17: 16 | B17: 16 | C17: 2021-01-21 | D17: @ | E17: MIL | F17: W | G17: 113 | H17: 106 | I17: 41 | J17: 88 | K17: .466 | L17: 19 | M17: 37 | N17: .514 | O17: 12 | P17: 15 | Q17: .800 | R17: 6 | S17: 38 | T17: 25 | U17: 8 | V17: 8 | W17: 10 | X17: 14 | Z17: 44 | AA17: 87 | AB17: .506 | AC17: 9 | AD17: 28 | AE17: .321 | AF17: 9 | AG17: 12 | AH17: .750 | AI17: 5 | AJ17: 46 | AK17: 27 | AL17: 5 | AM17: 5 | AN17: 14 | AO17: 18
A18: 17 | B18: 17 | C18: 2021-01-23 | D18: @ | E18: CHI | F18: W | G18: 101 | H18: 90 | I18: 36 | J18: 79 | K18: .456 | L18: 4 | M18: 19 | N18: .211 | O18: 25 | P18: 31 | Q18: .806 | R18: 5 | S18: 42 | T18: 20 | U18: 7 | V18: 4 | W18: 18 | X18: 18 | Z18: 33 | AA18: 84 | AB18: .393 | AC18: 8 | AD18: 25 | AE18: .320 | AF18: 16 | AG18: 22 | AH18: .727 | AI18: 10 | AJ18: 45 | AK18: 18 | AL18: 8 | AM18: 1 | AN18: 18 | AO18: 28
A19: 18 | B19: 18 | C19: 2021-01-25 | D19: @ | E19: CLE | F19: W | G19: 115 | H19: 108 | I19: 42 | J19: 87 | K19: .483 | L19: 10 | M19: 32 | N19: .313 | O19: 21 | P19: 28 | Q19: .750 | R19: 15 | S19: 40 | T19: 21 | U19: 7 | V19: 7 | W19: 13 | X19: 23 | Z19: 40 | AA19: 86 | AB19: .465 | AC19: 9 | AD19: 21 | AE19: .429 | AF19: 19 | AG19: 22 | AH19: .864 | AI19: 15 | AJ19: 44 | AK19: 19 | AL19: 8 | AM19: 3 | AN19: 17 | AO19: 25
A20: 19 | B20: 19 | C20: 2021-01-27 | D20: @ | E20: PHI | F20: L | G20: 106 | H20: 107 | I20: 41 | J20: 86 | K20: .477 | L20: 8 | M20: 24 | N20: .333 | O20: 16 | P20: 25 | Q20: .640 | R20: 6 | S20: 37 | T20: 20 | U20: 5 | V20: 2 | W20: 11 | X20: 20 | Z20: 41 | AA20: 85 | AB20: .482 | AC20: 9 | AD20: 25 | AE20: .360 | AF20: 16 | AG20: 26 | AH20: .615 | AI20: 7 | AJ20: 38 | AK20: 24 | AL20: 10 | AM20: 7 | AN20: 11 | AO20: 24
A21: 20 | B21: 20 | C21: 2021-01-28 | D21: @ | E21: DET | F21: L | G21: 92 | H21: 107 | I21: 36 | J21: 88 | K21: .409 | L21: 12 | M21: 28 | N21: .429 | O21: 8 | P21: 12 | Q21: .667 | R21: 12 | S21: 44 | T21: 25 | U21: 2 | V21: 3 | W21: 11 | X21: 16 | Z21: 40 | AA21: 87 | AB21: .460 | AC21: 14 | AD21: 36 | AE21: .389 | AF21: 13 | AG21: 13 | AH21: 1.000 | AI21: 5 | AJ21: 38 | AK21: 27 | AL21: 4 | AM21: 2 | AN21: 8 | AO21: 18
I22: Team | J22: Team | K22: Team | L22: Team | M22: Team | N22: Team | O22: Team | P22: Team | Q22: Team | R22: Team | S22: Team | T22: Team | U22: Team | V22: Team | W22: Team | X22: Team | Z22: Opponent | AA22: Opponent | AB22: Opponent | AC22: Opponent | AD22: Opponent | AE22: Opponent | AF22: Opponent | AG22: Opponent | AH22: Opponent | AI22: Opponent | AJ22: Opponent | AK22: Opponent | AL22: Opponent | AM22: Opponent | AN22: Opponent | AO22: Opponent
A23: Rk | B23: G | C23: Date | E23: Opp | F23: W/L | G23: Tm | H23: Opp | I23: FG | J23: FGA | K23: FG% | L23: 3P | M23: 3PA | N23: 3P% | O23: FT | P23: FTA | Q23: FT% | R23: ORB | S23: TRB | T23: AST | U23: STL | V23: BLK | W23: TOV | X23: PF | Z23: FG | AA23: FGA | AB23: FG% | AC23: 3P | AD23: 3PA | AE23: 3P% | AF23: FT | AG23: FTA | AH23: FT% | AI23: ORB | AJ23: TRB | AK23: AST | AL23: STL | AM23: BLK | AN23: TOV | AO23: PF
A24: 21 | B24: 21 | C24: 2021-01-30 | D24: @ | E24: BOS | F24: W | G24: 96 | H24: 95 | I24: 37 | J24: 84 | K24: .440 | L24: 9 | M24: 31 | N24: .290 | O24: 13 | P24: 19 | Q24: .684 | R24: 13 | S24: 45 | T24: 20 | U24: 8 | V24: 4 | W24: 14 | X24: 15 | Z24: 40 | AA24: 82 | AB24: .488 | AC24: 6 | AD24: 21 | AE24: .286 | AF24: 9 | AG24: 14 | AH24: .643 | AI24: 9 | AJ24: 42 | AK24: 24 | AL24: 10 | AM24: 6 | AN24: 15 | AO24: 16
A25: 22 | B25: 22 | C25: 2021-02-01 | D25: @ | E25: ATL | F25: W | G25: 107 | H25: 99 | I25: 40 | J25: 77 | K25: .519 | L25: 7 | M25: 23 | N25: .304 | O25: 20 | P25: 24 | Q25: .833 | R25: 4 | S25: 31 | T25: 24 | U25: 10 | V25: 7 | W25: 11 | X25: 20 | Z25: 37 | AA25: 78 | AB25: .474 | AC25: 11 | AD25: 29 | AE25: .379 | AF25: 14 | AG25: 17 | AH25: .824 | AI25: 6 | AJ25: 36 | AK25: 27 | AL25: 8 | AM25: 3 | AN25: 17 | AO25: 21
A26: 23 | B26: 23 | C26: 2021-02-04 | E26: DEN | F26: W | G26: 114 | H26: 93 | I26: 46 | J26: 81 | K26: .568 | L26: 8 | M26: 24 | N26: .333 | O26: 14 | P26: 22 | Q26: .636 | R26: 8 | S26: 40 | T26: 29 | U26: 10 | V26: 7 | W26: 16 | X26: 19 | Z26: 36 | AA26: 92 | AB26: .391 | AC26: 8 | AD26: 28 | AE26: .286 | AF26: 13 | AG26: 15 | AH26: .867 | AI26: 16 | AJ26: 42 | AK26: 19 | AL26: 9 | AM26: 2 | AN26: 15 | AO26: 23
A27: 24 | B27: 24 | C27: 2021-02-06 | E27: DET | F27: W | G27: 135 | H27: 129 | I27: 51 | J27: 91 | K27: .560 | L27: 9 | M27: 19 | N27: .474 | O27: 24 | P27: 28 | Q27: .857 | R27: 9 | S27: 41 | T27: 32 | U27: 12 | V27: 5 | W27: 23 | X27: 24 | Z27: 45 | AA27: 94 | AB27: .479 | AC27: 16 | AD27: 42 | AE27: .381 | AF27: 23 | AG27: 28 | AH27: .821 | AI27: 9 | AJ27: 35 | AK27: 31 | AL27: 13 | AM27: 4 | AN27: 20 | AO27: 31
A28: 25 | B28: 25 | C28: 2021-02-08 | E28: OKC | F28: W | G28: 119 | H28: 112 | I28: 44 | J28: 95 | K28: .463 | L28: 9 | M28: 38 | N28: .237 | O28: 22 | P28: 29 | Q28: .759 | R28: 10 | S28: 59 | T28: 28 | U28: 7 | V28: 12 | W28: 15 | X28: 19 | Z28: 43 | AA28: 110 | AB28: .391 | AC28: 12 | AD28: 38 | AE28: .316 | AF28: 14 | AG28: 19 | AH28: .737 | AI28: 15 | AJ28: 55 | AK28: 23 | AL28: 6 | AM28: 4 | AN28: 12 | AO28: 23
A29: 26 | B29: 26 | C29: 2021-02-10 | E29: OKC | F29: W | G29: 114 | H29: 113 | I29: 42 | J29: 89 | K29: .472 | L29: 10 | M29: 35 | N29: .286 | O29: 20 | P29: 24 | Q29: .833 | R29: 6 | S29: 43 | T29: 22 | U29: 6 | V29: 6 | W29: 16 | X29: 15 | Z29: 47 | AA29: 100 | AB29: .470 | AC29: 7 | AD29: 31 | AE29: .226 | AF29: 12 | AG29: 14 | AH29: .857 | AI29: 7 | AJ29: 46 | AK29: 32 | AL29: 11 | AM29: 4 | AN29: 13 | AO29: 23
A30: 27 | B30: 27 | C30: 2021-02-12 | E30: MEM | F30: W | G30: 115 | H30: 105 | I30: 43 | J30: 85 | K30: .506 | L30: 6 | M30: 30 | N30: .200 | O30: 23 | P30: 33 | Q30: .697 | R30: 13 | S30: 47 | T30: 26 | U30: 9 | V30: 4 | W30: 18 | X30: 16 | Z30: 39 | AA30: 80 | AB30: .488 | AC30: 12 | AD30: 29 | AE30: .414 | AF30: 15 | AG30: 19 | AH30: .789 | AI30: 6 | AJ30: 33 | AK30: 31 | AL30: 9 | AM30: 2 | AN30: 17 | AO30: 25
A31: 28 | B31: 28 | C31: 2021-02-14 | D31: @ | E31: DEN | F31: L | G31: 105 | H31: 122 | I31: 40 | J31: 87 | K31: .460 | L31: 6 | M31: 28 | N31: .214 | O31: 19 | P31: 29 | Q31: .655 | R31: 8 | S31: 46 | T31: 27 | U31: 4 | V31: 4 | W31: 10 | X31: 26 | Z31: 39 | AA31: 85 | AB31: .459 | AC31: 19 | AD31: 47 | AE31: .404 | AF31: 25 | AG31: 34 | AH31: .735 | AI31: 9 | AJ31: 47 | AK31: 28 | AL31: 6 | AM31: 4 | AN31: 9 | AO31: 24
A32: 29 | B32: 29 | C32: 2021-02-16 | D32: @ | E32: MIN | F32: W | G32: 112 | H32: 104 | I32: 42 | J32: 77 | K32: .545 | L32: 11 | M32: 26 | N32: .423 | O32: 17 | P32: 21 | Q32: .810 | R32: 6 | S32: 38 | T32: 20 | U32: 8 | V32: 8 | W32: 18 | X32: 14 | Z32: 39 | AA32: 93 | AB32: .419 | AC32: 16 | AD32: 34 | AE32: .471 | AF32: 10 | AG32: 13 | AH32: .769 | AI32: 11 | AJ32: 38 | AK32: 26 | AL32: 11 | AM32: 4 | AN32: 15 | AO32: 27
A33: 30 | B33: 30 | C33: 2021-02-18 | E33: BRK | F33: L | G33: 98 | H33: 109 | I33: 40 | J33: 83 | K33: .482 | L33: 8 | M33: 30 | N33: .267 | O33: 10 | P33: 14 | Q33: .714 | R33: 10 | S33: 39 | T33: 21 | U33: 7 | V33: 4 | W33: 16 | X33: 16 | Z33: 38 | AA33: 77 | AB33: .494 | AC33: 18 | AD33: 39 | AE33: .462 | AF33: 15 | AG33: 24 | AH33: .625 | AI33: 8 | AJ33: 39 | AK33: 23 | AL33: 9 | AM33: 3 | AN33: 13 | AO33: 18
A34: 31 | B34: 31 | C34: 2021-02-20 | E34: MIA | F34: L | G34: 94 | H34: 96 | I34: 33 | J34: 84 | K34: .393 | L34: 13 | M34: 45 | N34: .289 | O34: 15 | P34: 17 | Q34: .882 | R34: 6 | S34: 43 | T34: 25 | U34: 5 | V34: 6 | W34: 14 | X34: 17 | Z34: 36 | AA34: 85 | AB34: .424 | AC34: 8 | AD34: 28 | AE34: .286 | AF34: 16 | AG34: 23 | AH34: .696 | AI34: 10 | AJ34: 49 | AK34: 24 | AL34: 8 | AM34: 3 | AN34: 14 | AO34: 20
A35: 32 | B35: 32 | C35: 2021-02-22 | E35: WAS | F35: L | G35: 124 | H35: 127 | I35: 49 | J35: 104 | K35: .471 | L35: 15 | M35: 44 | N35: .341 | O35: 11 | P35: 17 | Q35: .647 | R35: 12 | S35: 45 | T35: 29 | U35: 9 | V35: 11 | W35: 20 | X35: 29 | Z35: 47 | AA35: 96 | AB35: .490 | AC35: 9 | AD35: 25 | AE35: .360 | AF35: 24 | AG35: 33 | AH35: .727 | AI35: 5 | AJ35: 49 | AK35: 25 | AL35: 9 | AM35: 4 | AN35: 16 | AO35: 25
A36: 33 | B36: 33 | C36: 2021-02-24 | D36: @ | E36: UTA | F36: L | G36: 89 | H36: 114 | I36: 34 | J36: 85 | K36: .400 | L36: 8 | M36: 33 | N36: .242 | O36: 13 | P36: 20 | Q36: .650 | R36: 12 | S36: 45 | T36: 17 | U36: 5 | V36: 4 | W36: 14 | X36: 15 | Z36: 41 | AA36: 87 | AB36: .471 | AC36: 22 | AD36: 48 | AE36: .458 | AF36: 10 | AG36: 15 | AH36: .667 | AI36: 14 | AJ36: 53 | AK36: 28 | AL36: 7 | AM36: 1 | AN36: 12 | AO36: 16
A37: 34 | B37: 34 | C37: 2021-02-26 | E37: POR | F37: W | G37: 102 | H37: 93 | I37: 37 | J37: 88 | K37: .420 | L37: 7 | M37: 27 | N37: .259 | O37: 21 | P37: 28 | Q37: .750 | R37: 15 | S37: 52 | T37: 25 | U37: 9 | V37: 7 | W37: 9 | X37: 23 | Z37: 32 | AA37: 83 | AB37: .386 | AC37: 11 | AD37: 37 | AE37: .297 | AF37: 18 | AG37: 20 | AH37: .900 | AI37: 10 | AJ37: 45 | AK37: 19 | AL37: 5 | AM37: 5 | AN37: 15 | AO37: 21
A38: 35 | B38: 35 | C38: 2021-02-28 | E38: GSW | F38: W | G38: 117 | H38: 91 | I38: 40 | J38: 85 | K38: .471 | L38: 11 | M38: 31 | N38: .355 | O38: 26 | P38: 38 | Q38: .684 | R38: 14 | S38: 60 | T38: 22 | U38: 14 | V38: 6 | W38: 19 | X38: 21 | Z38: 35 | AA38: 86 | AB38: .407 | AC38: 8 | AD38: 34 | AE38: .235 | AF38: 13 | AG38: 19 | AH38: .684 | AI38: 3 | AJ38: 35 | AK38: 26 | AL38: 10 | AM38: 4 | AN38: 20 | AO38: 25
A39: 36 | B39: 36 | C39: 2021-03-02 | E39: PHO | F39: L | G39: 104 | H39: 114 | I39: 40 | J39: 79 | K39: .506 | L39: 11 | M39: 31 | N39: .355 | O39: 13 | P39: 17 | Q39: .765 | R39: 5 | S39: 34 | T39: 18 | U39: 6 | V39: 8 | W39: 12 | X39: 23 | Z39: 38 | AA39: 77 | AB39: .494 | AC39: 16 | AD39: 29 | AE39: .552 | AF39: 22 | AG39: 25 | AH39: .880 | AI39: 5 | AJ39: 35 | AK39: 30 | AL39: 5 | AM39: 7 | AN39: 13 | AO39: 16
A40: 37 | B40: 37 | C40: 2021-03-03 | D40: @ | E40: SAC | F40: L | G40: 120 | H40: 123 | I40: 49 | J40: 93 | K40: .527 | L40: 12 | M40: 27 | N40: .444 | O40: 10 | P40: 14 | Q40: .714 | R40: 15 | S40: 41 | T40: 27 | U40: 7 | V40: 3 | W40: 11 | X40: 19 | Z40: 48 | AA40: 80 | AB40: .600 | AC40: 12 | AD40: 25 | AE40: .480 | AF40: 15 | AG40: 19 | AH40: .789 | AI40: 6 | AJ40: 30 | AK40: 32 | AL40: 5 | AM40: 1 | AN40: 13 | AO40: 19
A41: 38 | B41: 38 | C41: 2021-03-12 | E41: IND | F41: W | G41: 105 | H41: 100 | I41: 34 | J41: 76 | K41: .447 | L41: 7 | M41: 22 | N41: .318 | O41: 30 | P41: 39 | Q41: .769 | R41: 6 | S41: 44 | T41: 20 | U41: 10 | V41: 5 | W41: 15 | X41: 20 | Z41: 37 | AA41: 88 | AB41: .420 | AC41: 8 | AD41: 36 | AE41: .222 | AF41: 18 | AG41: 21 | AH41: .857 | AI41: 10 | AJ41: 44 | AK41: 22 | AL41: 7 | AM41: 4 | AN41: 16 | AO41: 27
A42: 39 | B42: 39 | C42: 2021-03-15 | D42: @ | E42: GSW | F42: W | G42: 128 | H42: 97 | I42: 49 | J42: 78 | K42: .628 | L42: 11 | M42: 27 | N42: .407 | O42: 19 | P42: 25 | Q42: .760 | R42: 7 | S42: 46 | T42: 36 | U42: 9 | V42: 3 | W42: 19 | X42: 25 | Z42: 34 | AA42: 79 | AB42: .430 | AC42: 13 | AD42: 37 | AE42: .351 | AF42: 16 | AG42: 24 | AH42: .667 | AI42: 9 | AJ42: 30 | AK42: 24 | AL42: 9 | AM42: 2 | AN42: 22 | AO42: 23
A43: 40 | B43: 40 | C43: 2021-03-16 | E43: MIN | F43: W | G43: 137 | H43: 121 | I43: 50 | J43: 87 | K43: .575 | L43: 13 | M43: 26 | N43: .500 | O43: 24 | P43: 28 | Q43: .857 | R43: 10 | S43: 43 | T43: 37 | U43: 3 | V43: 3 | W43: 13 | X43: 16 | Z43: 47 | AA43: 90 | AB43: .522 | AC43: 11 | AD43: 35 | AE43: .314 | AF43: 16 | AG43: 22 | AH43: .727 | AI43: 8 | AJ43: 34 | AK43: 28 | AL43: 9 | AM43: 6 | AN43: 12 | AO43: 21
I44: Team | J44: Team | K44: Team | L44: Team | M44: Team | N44: Team | O44: Team | P44: Team | Q44: Team | R44: Team | S44: Team | T44: Team | U44: Team | V44: Team | W44: Team | X44: Team | Z44: Opponent | AA44: Opponent | AB44: Opponent | AC44: Opponent | AD44: Opponent | AE44: Opponent | AF44: Opponent | AG44: Opponent | AH44: Opponent | AI44: Opponent | AJ44: Opponent | AK44: Opponent | AL44: Opponent | AM44: Opponent | AN44: Opponent | AO44: Opponent
A45: Rk | B45: G | C45: Date | E45: Opp | F45: W/L | G45: Tm | H45: Opp | I45: FG | J45: FGA | K45: FG% | L45: 3P | M45: 3PA | N45: 3P% | O45: FT | P45: FTA | Q45: FT% | R45: ORB | S45: TRB | T45: AST | U45: STL | V45: BLK | W45: TOV | X45: PF | Z45: FG | AA45: FGA | AB45: FG% | AC45: 3P | AD45: 3PA | AE45: 3P% | AF45: FT | AG45: FTA | AH45: FT% | AI45: ORB | AJ45: TRB | AK45: AST | AL45: STL | AM45: BLK | AN45: TOV | AO45: PF
A46: 41 | B46: 41 | C46: 2021-03-18 | E46: CHO | F46: W | G46: 116 | H46: 105 | I46: 44 | J46: 92 | K46: .478 | L46: 13 | M46: 39 | N46: .333 | O46: 15 | P46: 20 | Q46: .750 | R46: 11 | S46: 48 | T46: 23 | U46: 7 | V46: 6 | W46: 11 | X46: 19 | Z46: 41 | AA46: 83 | AB46: .494 | AC46: 11 | AD46: 29 | AE46: .379 | AF46: 12 | AG46: 20 | AH46: .600 | AI46: 8 | AJ46: 44 | AK46: 26 | AL46: 7 | AM46: 8 | AN46: 19 | AO46: 19
A47: 42 | B47: 42 | C47: 2021-03-20 | E47: ATL | F47: L | G47: 94 | H47: 99 | I47: 34 | J47: 81 | K47: .420 | L47: 8 | M47: 26 | N47: .308 | O47: 18 | P47: 24 | Q47: .750 | R47: 13 | S47: 52 | T47: 18 | U47: 6 | V47: 3 | W47: 16 | X47: 16 | Z47: 39 | AA47: 98 | AB47: .398 | AC47: 13 | AD47: 37 | AE47: .351 | AF47: 8 | AG47: 9 | AH47: .889 | AI47: 16 | AJ47: 49 | AK47: 26 | AL47: 13 | AM47: 7 | AN47: 8 | AO47: 21
A48: 43 | B48: 43 | C48: 2021-03-21 | D48: @ | E48: PHO | F48: L | G48: 94 | H48: 111 | I48: 35 | J48: 85 | K48: .412 | L48: 5 | M48: 25 | N48: .200 | O48: 19 | P48: 28 | Q48: .679 | R48: 7 | S48: 41 | T48: 20 | U48: 3 | V48: 2 | W48: 11 | X48: 18 | Z48: 42 | AA48: 87 | AB48: .483 | AC48: 9 | AD48: 32 | AE48: .281 | AF48: 18 | AG48: 23 | AH48: .783 | AI48: 9 | AJ48: 51 | AK48: 30 | AL48: 7 | AM48: 6 | AN48: 10 | AO48: 24
A49: 44 | B49: 44 | C49: 2021-03-23 | D49: @ | E49: NOP | F49: L | G49: 111 | H49: 128 | I49: 36 | J49: 85 | K49: .424 | L49: 18 | M49: 37 | N49: .486 | O49: 21 | P49: 30 | Q49: .700 | R49: 6 | S49: 34 | T49: 25 | U49: 10 | V49: 4 | W49: 13 | X49: 17 | Z49: 47 | AA49: 90 | AB49: .522 | AC49: 10 | AD49: 29 | AE49: .345 | AF49: 24 | AG49: 26 | AH49: .923 | AI49: 11 | AJ49: 53 | AK49: 28 | AL49: 9 | AM49: 3 | AN49: 13 | AO49: 24
A50: 45 | B50: 45 | C50: 2021-03-25 | E50: PHI | F50: L | G50: 101 | H50: 109 | I50: 34 | J50: 78 | K50: .436 | L50: 9 | M50: 26 | N50: .346 | O50: 24 | P50: 33 | Q50: .727 | R50: 7 | S50: 42 | T50: 22 | U50: 10 | V50: 0 | W50: 20 | X50: 19 | Z50: 39 | AA50: 80 | AB50: .488 | AC50: 17 | AD50: 45 | AE50: .378 | AF50: 14 | AG50: 21 | AH50: .667 | AI50: 7 | AJ50: 39 | AK50: 24 | AL50: 13 | AM50: 9 | AN50: 20 | AO50: 26
A51: 46 | B51: 46 | C51: 2021-03-26 | E51: CLE | F51: W | G51: 100 | H51: 86 | I51: 38 | J51: 78 | K51: .487 | L51: 6 | M51: 26 | N51: .231 | O51: 18 | P51: 25 | Q51: .720 | R51: 9 | S51: 45 | T51: 23 | U51: 15 | V51: 3 | W51: 23 | X51: 23 | Z51: 31 | AA51: 80 | AB51: .388 | AC51: 5 | AD51: 26 | AE51: .192 | AF51: 19 | AG51: 28 | AH51: .679 | AI51: 10 | AJ51: 37 | AK51: 24 | AL51: 11 | AM51: 4 | AN51: 21 | AO51: 19
A52: 47 | B52: 47 | C52: 2021-03-28 | E52: ORL | F52: W | G52: 96 | H52: 93 | I52: 34 | J52: 82 | K52: .415 | L52: 11 | M52: 40 | N52: .275 | O52: 17 | P52: 23 | Q52: .739 | R52: 8 | S52: 52 | T52: 25 | U52: 9 | V52: 5 | W52: 12 | X52: 17 | Z52: 34 | AA52: 88 | AB52: .386 | AC52: 11 | AD52: 33 | AE52: .333 | AF52: 14 | AG52: 17 | AH52: .824 | AI52: 10 | AJ52: 51 | AK52: 19 | AL52: 5 | AM52: 4 | AN52: 10 | AO52: 18
A53: 48 | B53: 48 | C53: 2021-03-31 | E53: MIL | F53: L | G53: 97 | H53: 112 | I53: 35 | J53: 87 | K53: .402 | L53: 10 | M53: 36 | N53: .278 | O53: 17 | P53: 22 | Q53: .773 | R53: 11 | S53: 40 | T53: 22 | U53: 9 | V53: 5 | W53: 22 | X53: 22 | Z53: 42 | AA53: 79 | AB53: .532 | AC53: 14 | AD53: 26 | AE53: .538 | AF53: 14 | AG53: 18 | AH53: .778 | AI53: 7 | AJ53: 42 | AK53: 23 | AL53: 13 | AM53: 8 | AN53: 21 | AO53: 17
A54: 49 | B54: 49 | C54: 2021-04-02 | D54: @ | E54: SAC | F54: W | G54: 115 | H54: 94 | I54: 43 | J54: 91 | K54: .473 | L54: 17 | M54: 33 | N54: .515 | O54: 12 | P54: 20 | Q54: .600 | R54: 13 | S54: 55 | T54: 26 | U54: 10 | V54: 2 | W54: 17 | X54: 19 | Z54: 36 | AA54: 85 | AB54: .424 | AC54: 10 | AD54: 35 | AE54: .286 | AF54: 12 | AG54: 16 | AH54: .750 | AI54: 6 | AJ54: 38 | AK54: 24 | AL54: 8 | AM54: 5 | AN54: 14 | AO54: 16
A55: 50 | B55: 50 | C55: 2021-04-04 | D55: @ | E55: LAC | F55: L | G55: 86 | H55: 104 | I55: 32 | J55: 80 | K55: .400 | L55: 7 | M55: 23 | N55: .304 | O55: 15 | P55: 20 | Q55: .750 | R55: 7 | S55: 36 | T55: 16 | U55: 9 | V55: 7 | W55: 18 | X55: 11 | Z55: 41 | AA55: 86 | AB55: .477 | AC55: 14 | AD55: 28 | AE55: .500 | AF55: 8 | AG55: 9 | AH55: .889 | AI55: 13 | AJ55: 50 | AK55: 23 | AL55: 10 | AM55: 4 | AN55: 19 | AO55: 25
A56: 51 | B56: 51 | C56: 2021-04-06 | D56: @ | E56: TOR | F56: W | G56: 110 | H56: 101 | I56: 39 | J56: 79 | K56: .494 | L56: 18 | M56: 40 | N56: .450 | O56: 14 | P56: 22 | Q56: .636 | R56: 11 | S56: 49 | T56: 29 | U56: 8 | V56: 7 | W56: 21 | X56: 24 | Z56: 36 | AA56: 91 | AB56: .396 | AC56: 5 | AD56: 33 | AE56: .152 | AF56: 24 | AG56: 30 | AH56: .800 | AI56: 15 | AJ56: 42 | AK56: 17 | AL56: 13 | AM56: 3 | AN56: 12 | AO56: 19
A57: 52 | B57: 52 | C57: 2021-04-08 | D57: @ | E57: MIA | F57: L | G57: 104 | H57: 110 | I57: 35 | J57: 79 | K57: .443 | L57: 12 | M57: 35 | N57: .343 | O57: 22 | P57: 25 | Q57: .880 | R57: 10 | S57: 40 | T57: 26 | U57: 9 | V57: 3 | W57: 22 | X57: 24 | Z57: 34 | AA57: 71 | AB57: .479 | AC57: 10 | AD57: 25 | AE57: .400 | AF57: 32 | AG57: 40 | AH57: .800 | AI57: 9 | AJ57: 38 | AK57: 22 | AL57: 12 | AM57: 8 | AN57: 20 | AO57: 25
A58: 53 | B58: 53 | C58: 2021-04-10 | D58: @ | E58: BRK | F58: W | G58: 126 | H58: 101 | I58: 47 | J58: 93 | K58: .505 | L58: 19 | M58: 34 | N58: .559 | O58: 13 | P58: 20 | Q58: .650 | R58: 12 | S58: 47 | T58: 30 | U58: 12 | V58: 4 | W58: 14 | X58: 24 | Z58: 35 | AA58: 80 | AB58: .438 | AC58: 5 | AD58: 27 | AE58: .185 | AF58: 26 | AG58: 30 | AH58: .867 | AI58: 9 | AJ58: 42 | AK58: 19 | AL58: 6 | AM58: 10 | AN58: 19 | AO58: 20
A59: 54 | B59: 54 | C59: 2021-04-12 | D59: @ | E59: NYK | F59: L | G59: 96 | H59: 111 | I59: 35 | J59: 80 | K59: .438 | L59: 12 | M59: 36 | N59: .333 | O59: 14 | P59: 18 | Q59: .778 | R59: 4 | S59: 33 | T59: 22 | U59: 5 | V59: 7 | W59: 24 | X59: 21 | Z59: 42 | AA59: 89 | AB59: .472 | AC59: 5 | AD59: 27 | AE59: .185 | AF59: 22 | AG59: 27 | AH59: .815 | AI59: 15 | AJ59: 47 | AK59: 18 | AL59: 14 | AM59: 9 | AN59: 15 | AO59: 20
A60: 55 | B60: 55 | C60: 2021-04-13 | D60: @ | E60: CHO | F60: W | G60: 101 | H60: 93 | I60: 34 | J60: 82 | K60: .415 | L60: 16 | M60: 44 | N60: .364 | O60: 17 | P60: 18 | Q60: .944 | R60: 8 | S60: 38 | T60: 24 | U60: 9 | V60: 2 | W60: 11 | X60: 18 | Z60: 36 | AA60: 83 | AB60: .434 | AC60: 9 | AD60: 35 | AE60: .257 | AF60: 12 | AG60: 18 | AH60: .667 | AI60: 12 | AJ60: 45 | AK60: 22 | AL60: 5 | AM60: 3 | AN60: 16 | AO60: 18
A61: 56 | B61: 56 | C61: 2021-04-15 | E61: BOS | F61: L | G61: 113 | H61: 121 | I61: 44 | J61: 98 | K61: .449 | L61: 12 | M61: 37 | N61: .324 | O61: 13 | P61: 19 | Q61: .684 | R61: 11 | S61: 36 | T61: 28 | U61: 12 | V61: 2 | W61: 8 | X61: 16 | Z61: 48 | AA61: 85 | AB61: .565 | AC61: 14 | AD61: 32 | AE61: .438 | AF61: 11 | AG61: 13 | AH61: .846 | AI61: 7 | AJ61: 48 | AK61: 33 | AL61: 4 | AM61: 6 | AN61: 21 | AO61: 20
A62: 57 | B62: 57 | C62: 2021-04-17 | E62: UTA | F62: W | G62: 127 | H62: 115 | I62: 48 | J62: 93 | K62: .516 | L62: 11 | M62: 33 | N62: .333 | O62: 20 | P62: 23 | Q62: .870 | R62: 11 | S62: 52 | T62: 26 | U62: 8 | V62: 8 | W62: 14 | X62: 14 | Z62: 42 | AA62: 101 | AB62: .416 | AC62: 23 | AD62: 59 | AE62: .390 | AF62: 8 | AG62: 8 | AH62: 1.000 | AI62: 6 | AJ62: 37 | AK62: 31 | AL62: 10 | AM62: 3 | AN62: 15 | AO62: 21
A63: 58 | B63: 58 | C63: 2021-04-19 | E63: UTA | F63: L | G63: 97 | H63: 111 | I63: 34 | J63: 79 | K63: .430 | L63: 12 | M63: 28 | N63: .429 | O63: 17 | P63: 25 | Q63: .680 | R63: 5 | S63: 32 | T63: 17 | U63: 10 | V63: 1 | W63: 10 | X63: 14 | Z63: 43 | AA63: 75 | AB63: .573 | AC63: 15 | AD63: 33 | AE63: .455 | AF63: 10 | AG63: 11 | AH63: .909 | AI63: 2 | AJ63: 42 | AK63: 29 | AL63: 5 | AM63: 5 | AN63: 17 | AO63: 20
A64: 59 | B64: 59 | C64: 2021-04-22 | D64: @ | E64: DAL | F64: L | G64: 110 | H64: 115 | I64: 43 | J64: 90 | K64: .478 | L64: 10 | M64: 30 | N64: .333 | O64: 14 | P64: 17 | Q64: .824 | R64: 12 | S64: 45 | T64: 26 | U64: 7 | V64: 5 | W64: 16 | X64: 28 | Z64: 40 | AA64: 82 | AB64: .488 | AC64: 9 | AD64: 24 | AE64: .375 | AF64: 26 | AG64: 36 | AH64: .722 | AI64: 9 | AJ64: 38 | AK64: 23 | AL64: 11 | AM64: 5 | AN64: 12 | AO64: 15
A65: 60 | B65: 60 | C65: 2021-04-24 | D65: @ | E65: DAL | F65: L | G65: 93 | H65: 108 | I65: 33 | J65: 86 | K65: .384 | L65: 12 | M65: 45 | N65: .267 | O65: 15 | P65: 19 | Q65: .789 | R65: 6 | S65: 36 | T65: 22 | U65: 11 | V65: 4 | W65: 9 | X65: 22 | Z65: 38 | AA65: 78 | AB65: .487 | AC65: 13 | AD65: 30 | AE65: .433 | AF65: 19 | AG65: 25 | AH65: .760 | AI65: 10 | AJ65: 51 | AK65: 26 | AL65: 3 | AM65: 2 | AN65: 16 | AO65: 17
I66: Team | J66: Team | K66: Team | L66: Team | M66: Team | N66: Team | O66: Team | P66: Team | Q66: Team | R66: Team | S66: Team | T66: Team | U66: Team | V66: Team | W66: Team | X66: Team | Z66: Opponent | AA66: Opponent | AB66: Opponent | AC66: Opponent | AD66: Opponent | AE66: Opponent | AF66: Opponent | AG66: Opponent | AH66: Opponent | AI66: Opponent | AJ66: Opponent | AK66: Opponent | AL66: Opponent | AM66: Opponent | AN66: Opponent | AO66: Opponent
A67: Rk | B67: G | C67: Date | E67: Opp | F67: W/L | G67: Tm | H67: Opp | I67: FG | J67: FGA | K67: FG% | L67: 3P | M67: 3PA | N67: 3P% | O67: FT | P67: FTA | Q67: FT% | R67: ORB | S67: TRB | T67: AST | U67: STL | V67: BLK | W67: TOV | X67: PF | Z67: FG | AA67: FGA | AB67: FG% | AC67: 3P | AD67: 3PA | AE67: 3P% | AF67: FT | AG67: FTA | AH67: FT% | AI67: ORB | AJ67: TRB | AK67: AST | AL67: STL | AM67: BLK | AN67: TOV | AO67: PF
A68: 61 | B68: 61 | C68: 2021-04-26 | D68: @ | E68: ORL | F68: W | G68: 114 | H68: 103 | I68: 47 | J68: 87 | K68: .540 | L68: 11 | M68: 31 | N68: .355 | O68: 9 | P68: 14 | Q68: .643 | R68: 9 | S68: 44 | T68: 23 | U68: 8 | V68: 5 | W68: 11 | X68: 18 | Z68: 36 | AA68: 76 | AB68: .474 | AC68: 11 | AD68: 25 | AE68: .440 | AF68: 20 | AG68: 24 | AH68: .833 | AI68: 4 | AJ68: 28 | AK68: 16 | AL68: 5 | AM68: 3 | AN68: 11 | AO68: 18
A69: 62 | B69: 62 | C69: 2021-04-28 | D69: @ | E69: WAS | F69: L | G69: 107 | H69: 116 | I69: 42 | J69: 96 | K69: .438 | L69: 10 | M69: 34 | N69: .294 | O69: 13 | P69: 21 | Q69: .619 | R69: 13 | S69: 41 | T69: 31 | U69: 10 | V69: 8 | W69: 10 | X69: 20 | Z69: 47 | AA69: 90 | AB69: .522 | AC69: 6 | AD69: 18 | AE69: .333 | AF69: 16 | AG69: 21 | AH69: .762 | AI69: 10 | AJ69: 50 | AK69: 24 | AL69: 6 | AM69: 4 | AN69: 13 | AO69: 20
A70: 63 | B70: 63 | C70: 2021-04-30 | E70: SAC | F70: L | G70: 106 | H70: 110 | I70: 42 | J70: 83 | K70: .506 | L70: 7 | M70: 28 | N70: .250 | O70: 15 | P70: 21 | Q70: .714 | R70: 11 | S70: 43 | T70: 24 | U70: 9 | V70: 12 | W70: 21 | X70: 17 | Z70: 39 | AA70: 86 | AB70: .453 | AC70: 12 | AD70: 33 | AE70: .364 | AF70: 20 | AG70: 22 | AH70: .909 | AI70: 11 | AJ70: 37 | AK70: 29 | AL70: 10 | AM70: 3 | AN70: 17 | AO70: 16
A71: 64 | B71: 64 | C71: 2021-05-02 | E71: TOR | F71: L | G71: 114 | H71: 121 | I71: 41 | J71: 85 | K71: .482 | L71: 11 | M71: 29 | N71: .379 | O71: 21 | P71: 31 | Q71: .677 | R71: 7 | S71: 44 | T71: 32 | U71: 7 | V71: 6 | W71: 14 | X71: 22 | Z71: 42 | AA71: 94 | AB71: .447 | AC71: 15 | AD71: 38 | AE71: .395 | AF71: 22 | AG71: 31 | AH71: .710 | AI71: 13 | AJ71: 49 | AK71: 24 | AL71: 11 | AM71: 4 | AN71: 12 | AO71: 23
A72: 65 | B72: 65 | C72: 2021-05-03 | E72: DEN | F72: W | G72: 93 | H72: 89 | I72: 32 | J72: 73 | K72: .438 | L72: 13 | M72: 30 | N72: .433 | O72: 16 | P72: 23 | Q72: .696 | R72: 7 | S72: 43 | T72: 18 | U72: 5 | V72: 8 | W72: 20 | X72: 20 | Z72: 36 | AA72: 82 | AB72: .439 | AC72: 6 | AD72: 24 | AE72: .250 | AF72: 11 | AG72: 16 | AH72: .688 | AI72: 6 | AJ72: 41 | AK72: 22 | AL72: 10 | AM72: 7 | AN72: 12 | AO72: 24
A73: 66 | B73: 66 | C73: 2021-05-06 | D73: @ | E73: LAC | F73: L | G73: 94 | H73: 118 | I73: 33 | J73: 87 | K73: .379 | L73: 10 | M73: 36 | N73: .278 | O73: 18 | P73: 29 | Q73: .621 | R73: 11 | S73: 34 | T73: 21 | U73: 8 | V73: 6 | W73: 10 | X73: 23 | Z73: 41 | AA73: 77 | AB73: .532 | AC73: 13 | AD73: 31 | AE73: .419 | AF73: 23 | AG73: 26 | AH73: .885 | AI73: 9 | AJ73: 48 | AK73: 23 | AL73: 4 | AM73: 5 | AN73: 22 | AO73: 25
A74: 67 | B74: 67 | C74: 2021-05-07 | D74: @ | E74: POR | F74: L | G74: 101 | H74: 106 | I74: 37 | J74: 89 | K74: .416 | L74: 11 | M74: 30 | N74: .367 | O74: 16 | P74: 22 | Q74: .727 | R74: 10 | S74: 49 | T74: 19 | U74: 2 | V74: 4 | W74: 14 | X74: 20 | Z74: 37 | AA74: 88 | AB74: .420 | AC74: 12 | AD74: 37 | AE74: .324 | AF74: 20 | AG74: 21 | AH74: .952 | AI74: 6 | AJ74: 44 | AK74: 22 | AL74: 6 | AM74: 2 | AN74: 8 | AO74: 20
A75: 68 | B75: 68 | C75: 2021-05-09 | E75: PHO | F75: W | G75: 123 | H75: 110 | I75: 39 | J75: 80 | K75: .488 | L75: 13 | M75: 30 | N75: .433 | O75: 32 | P75: 41 | Q75: .780 | R75: 14 | S75: 41 | T75: 24 | U75: 11 | V75: 3 | W75: 13 | X75: 21 | Z75: 39 | AA75: 73 | AB75: .534 | AC75: 11 | AD75: 25 | AE75: .440 | AF75: 21 | AG75: 25 | AH75: .840 | AI75: 3 | AJ75: 32 | AK75: 23 | AL75: 8 | AM75: 6 | AN75: 15 | AO75: 29
A76: 69 | B76: 69 | C76: 2021-05-11 | E76: NYK | F76: W | G76: 101 | H76: 99 | I76: 37 | J76: 89 | K76: .416 | L76: 12 | M76: 28 | N76: .429 | O76: 15 | P76: 19 | Q76: .789 | R76: 14 | S76: 53 | T76: 31 | U76: 5 | V76: 5 | W76: 18 | X76: 17 | Z76: 34 | AA76: 87 | AB76: .391 | AC76: 10 | AD76: 29 | AE76: .345 | AF76: 21 | AG76: 23 | AH76: .913 | AI76: 5 | AJ76: 41 | AK76: 19 | AL76: 8 | AM76: 3 | AN76: 9 | AO76: 21
A77: 70 | B77: 70 | C77: 2021-05-12 | E77: HOU | F77: W | G77: 124 | H77: 122 | I77: 52 | J77: 91 | K77: .571 | L77: 7 | M77: 20 | N77: .350 | O77: 13 | P77: 22 | Q77: .591 | R77: 8 | S77: 41 | T77: 28 | U77: 8 | V77: 3 | W77: 11 | X77: 20 | Z77: 43 | AA77: 85 | AB77: .506 | AC77: 18 | AD77: 42 | AE77: .429 | AF77: 18 | AG77: 27 | AH77: .667 | AI77: 8 | AJ77: 41 | AK77: 33 | AL77: 7 | AM77: 4 | AN77: 15 | AO77: 23
A78: 71 | B78: 71 | C78: 2021-05-15 | D78: @ | E78: IND | F78: W | G78: 122 | H78: 115 | I78: 41 | J78: 86 | K78: .477 | L78: 11 | M78: 29 | N78: .379 | O78: 29 | P78: 36 | Q78: .806 | R78: 11 | S78: 45 | T78: 25 | U78: 5 | V78: 3 | W78: 13 | X78: 15 | Z78: 46 | AA78: 89 | AB78: .517 | AC78: 9 | AD78: 33 | AE78: .273 | AF78: 14 | AG78: 19 | AH78: .737 | AI78: 8 | AJ78: 37 | AK78: 28 | AL78: 10 | AM78: 8 | AN78: 13 | AO78: 23
A79: 72 | B79: 72 | C79: 2021-05-16 | D79: @ | E79: NOP | F79: W | G79: 110 | H79: 98 | I79: 45 | J79: 96 | K79: .469 | L79: 11 | M79: 35 | N79: .314 | O79: 9 | P79: 15 | Q79: .600 | R79: 8 | S79: 42 | T79: 30 | U79: 14 | V79: 5 | W79: 9 | X79: 16 | Z79: 37 | AA79: 78 | AB79: .474 | AC79: 9 | AD79: 25 | AE79: .360 | AF79: 15 | AG79: 21 | AH79: .714 | AI79: 8 | AJ79: 47 | AK79: 26 | AL79: 4 | AM79: 5 | AN79: 21 | AO79: 18
G81: =_xlfn.STDEV.P(G83:G154) -> 11.841473
G83: 109
G84: 138
G85: 127
G86: 107
G87: 121
G88: 109
G89: 108
G90: 94
G91: 109
G92: 117
G93: 120
G94: 117
... G154: 110

Sheet simulation
C1: 场次 | D1: 输赢 | E1: Away | F1: Home | G1: winner | H1: away spread | I1: home spread | J1: OU
C2: 1 | D2: =IF(E2=F2,0,IF(E2>F2,"1","-1")) -> -1 | E2: =ROUND(NORMINV(RAND(),最终结果!$I$8,最终结果!$E$8),0) -> 95 | F2: =ROUND(NORMINV(RAND(),最终结果!$I$12,最终结果!$E$12),0) -> 112 | G2: =IF(E2=F2,"OT",IF(E2>F2,"Away","Home")) -> Home | H2: =IF(E2+最终结果!$G$8>simulation!F2,"W","L") -> L | I2: =IF(F2+最终结果!$G$12>simulation!E2,"W","L") -> W | J2: =IF((E2+F2)>最终结果!$H$8,"Over","Under") -> Under
C3: 2 | D3: =IF(E3=F3,0,IF(E3>F3,"1","-1")) -> -1 | E3: =ROUND(NORMINV(RAND(),最终结果!$I$8,最终结果!$E$8),0) -> 104 | F3: =ROUND(NORMINV(RAND(),最终结果!$I$12,最终结果!$E$12),0) -> 114 | G3: =IF(E3=F3,"OT",IF(E3>F3,"Away","Home")) -> Home | H3: =IF(E3+最终结果!$G$8>simulation!F3,"W","L") -> L | I3: =IF(F3+最终结果!$G$12>simulation!E3,"W","L") -> W | J3: =IF((E3+F3)>最终结果!$H$8,"Over","Under") -> Under
C4: 3 | D4: =IF(E4=F4,0,IF(E4>F4,"1","-1")) -> -1 | E4: =ROUND(NORMINV(RAND(),最终结果!$I$8,最终结果!$E$8),0) -> 102 | F4: =ROUND(NORMINV(RAND(),最终结果!$I$12,最终结果!$E$12),0) -> 126 | G4: =IF(E4=F4,"OT",IF(E4>F4,"Away","Home")) -> Home | H4: =IF(E4+最终结果!$G$8>simulation!F4,"W","L") -> L | I4: =IF(F4+最终结果!$G$12>simulation!E4,"W","L") -> W | J4: =IF((E4+F4)>最终结果!$H$8,"Over","Under") -> Under
C5: 4 | D5: =IF(E5=F5,0,IF(E5>F5,"1","-1")) -> -1 | E5: =ROUND(NORMINV(RAND(),最终结果!$I$8,最终结果!$E$8),0) -> 113 | F5: =ROUND(NORMINV(RAND(),最终结果!$I$12,最终结果!$E$12),0) -> 128 | G5: =IF(E5=F5,"OT",IF(E5>F5,"Away","Home")) -> Home | H5: =IF(E5+最终结果!$G$8>simulation!F5,"W","L") -> L | I5: =IF(F5+最终结果!$G$12>simulation!E5,"W","L") -> W | J5: =IF((E5+F5)>最终结果!$H$8,"Over","Under") -> Over
C6: 5 | D6: =IF(E6=F6,0,IF(E6>F6,"1","-1")) -> 1 | E6: =ROUND(NORMINV(RAND(),最终结果!$I$8,最终结果!$E$8),0) -> 131 | F6: =ROUND(NORMINV(RAND(),最终结果!$I$12,最终结果!$E$12),0) -> 120 | G6: =IF(E6=F6,"OT",IF(E6>F6,"Away","Home")) -> Away | H6: =IF(E6+最终结果!$G$8>simulation!F6,"W","L") -> W | I6: =IF(F6+最终结果!$G$12>simulation!E6,"W","L") -> L | J6: =IF((E6+F6)>最终结果!$H$8,"Over","Under") -> Over
C7: 6 | D7: =IF(E7=F7,0,IF(E7>F7,"1","-1")) -> 1 | E7: =ROUND(NORMINV(RAND(),最终结果!$I$8,最终结果!$E$8),0) -> 126 | F7: =ROUND(NORMINV(RAND(),最终结果!$I$12,最终结果!$E$12),0) -> 121 | G7: =IF(E7=F7,"OT",IF(E7>F7,"Away","Home")) -> Away | H7: =IF(E7+最终结果!$G$8>simulation!F7,"W","L") -> W | I7: =IF(F7+最终结果!$G$12>simulation!E7,"W","L") -> L | J7: =IF((E7+F7)>最终结果!$H$8,"Over","Under") -> Over
C8: 7 | D8: =IF(E8=F8,0,IF(E8>F8,"1","-1")) -> -1 | E8: =ROUND(NORMINV(RAND(),最终结果!$I$8,最终结果!$E$8),0) -> 101 | F8: =ROUND(NORMINV(RAND(),最终结果!$I$12,最终结果!$E$12),0) -> 145 | G8: =IF(E8=F8,"OT",IF(E8>F8,"Away","Home")) -> Home | H8: =IF(E8+最终结果!$G$8>simulation!F8,"W","L") -> L | I8: =IF(F8+最终结果!$G$12>simulation!E8,"W","L") -> W | J8: =IF((E8+F8)>最终结果!$H$8,"Over","Under") -> Over
C9: 8 | D9: =IF(E9=F9,0,IF(E9>F9,"1","-1")) -> 1 | E9: =ROUND(NORMINV(RAND(),最终结果!$I$8,最终结果!$E$8),0) -> 125 | F9: =ROUND(NORMINV(RAND(),最终结果!$I$12,最终结果!$E$12),0) -> 124 | G9: =IF(E9=F9,"OT",IF(E9>F9,"Away","Home")) -> Away | H9: =IF(E9+最终结果!$G$8>simulation!F9,"W","L") -> W | I9: =IF(F9+最终结果!$G$12>simulation!E9,"W","L") -> L | J9: =IF((E9+F9)>最终结果!$H$8,"Over","Under") -> Over
C10: 9 | D10: =IF(E10=F10,0,IF(E10>F10,"1","-1")) -> 1 | E10: =ROUND(NORMINV(RAND(),最终结果!$I$8,最终结果!$E$8),0) -> 111 | F10: =ROUND(NORMINV(RAND(),最终结果!$I$12,最终结果!$E$12),0) -> 110 | G10: =IF(E10=F10,"OT",IF(E10>F10,"Away","Home")) -> Away | H10: =IF(E10+最终结果!$G$8>simulation!F10,"W","L") -> W | I10: =IF(F10+最终结果!$G$12>simulation!E10,"W","L") -> L | J10: =IF((E10+F10)>最终结果!$H$8,"Over","Under") -> Under
C11: 10 | D11: =IF(E11=F11,0,IF(E11>F11,"1","-1")) -> -1 | E11: =ROUND(NORMINV(RAND(),最终结果!$I$8,最终结果!$E$8),0) -> 85 | F11: =ROUND(NORMINV(RAND(),最终结果!$I$12,最终结果!$E$12),0) -> 113 | G11: =IF(E11=F11,"OT",IF(E11>F11,"Away","Home")) -> Home | H11: =IF(E11+最终结果!$G$8>simulation!F11,"W","L") -> L | I11: =IF(F11+最终结果!$G$12>simulation!E11,"W","L") -> W | J11: =IF((E11+F11)>最终结果!$H$8,"Over","Under") -> Under
C12: 11 | D12: =IF(E12=F12,0,IF(E12>F12,"1","-1")) -> -1 | E12: =ROUND(NORMINV(RAND(),最终结果!$I$8,最终结果!$E$8),0) -> 120 | F12: =ROUND(NORMINV(RAND(),最终结果!$I$12,最终结果!$E$12),0) -> 126 | G12: =IF(E12=F12,"OT",IF(E12>F12,"Away","Home")) -> Home | H12: =IF(E12+最终结果!$G$8>simulation!F12,"W","L") -> L | I12: =IF(F12+最终结果!$G$12>simulation!E12,"W","L") -> W | J12: =IF((E12+F12)>最终结果!$H$8,"Over","Under") -> Over
C13: 12 | D13: =IF(E13=F13,0,IF(E13>F13,"1","-1")) -> -1 | E13: =ROUND(NORMINV(RAND(),最终结果!$I$8,最终结果!$E$8),0) -> 90 | F13: =ROUND(NORMINV(RAND(),最终结果!$I$12,最终结果!$E$12),0) -> 110 | G13: =IF(E13=F13,"OT",IF(E13>F13,"Away","Home")) -> Home | H13: =IF(E13+最终结果!$G$8>simulation!F13,"W","L") -> L | I13: =IF(F13+最终结果!$G$12>simulation!E13,"W","L") -> W | J13: =IF((E13+F13)>最终结果!$H$8,"Over","Under") -> Under
... C1001: 1000 | D1001: =IF(E1001=F1001,0,IF(E1001>F1001,"1","-1")) -> 1 | E1001: =ROUND(NORMINV(RAND(),最终结果!$I$8,最终结果!$E$8),0) -> 118 | F1001: =ROUND(NORMINV(RAND(),最终结果!$I$12,最终结果!$E$12),0) -> 117 | G1001: =IF(E1001=F1001,"OT",IF(E1001>F1001,"Away","Home")) -> Away | H1001: =IF(E1001+最终结果!$G$8>simulation!F1001,"W","L") -> W | I1001: =IF(F1001+最终结果!$G$12>simulation!E1001,"W","L") -> L | J1001: =IF((E1001+F1001)>最终结果!$H$8,"Over","Under") -> Under

Sheet 最终结果
W1: Atlanta
W2: Boston
W3: Brooklyn
W4: Charlotte
W5: Chicago
W6: Cleveland
E7: St Dev | F7: TeamRanking | G7: Point spread | H7: OU | I7: project score | J7: Wins | K7: win pct | L7: win spread | M7: win spread % | N7: Over | O7: Under | P7: High | Q7: Low | W7: Dallas
C8: 客场队伍 | D8: Brooklyn | E8: =_xlfn.STDEV.P('篮网egular Season Table (2)'!G83:G154) -> 12.06329 | F8: =AVERAGE(VLOOKUP(D8,Table_0[[Team]:[Away]],6,FALSE)) -> 109 | G8: 3 | H8: 237 | I8: 113.5 | J8: =COUNTIFS(simulation!G:G,"Away") -> 398 | K8: =J8/(J8+J12)*100% -> 0.40862423 | L8: =COUNTIFS(simulation!H:H,"W") -> 468 | M8: =L8/(L8+L12) -> 0.47464503 | N8: =COUNTIF(simulation!J:J,"Over")/COUNTA(simulation!J2:J999999) -> 0.32 | O8: =COUNTIF(simulation!J:J,"Under")/COUNTA(simulation!J2:J999999) -> 0.68 | P8: =MAX(simulation!E:E) -> 152 | Q8: =MIN(simulation!E:E) -> 68 | W8: Denver
W9: Detroit
W10: Golden State
W11: Houston
C12: 主场队伍 | D12: LA Lakers | E12: =_xlfn.STDEV.P('湖人Regular Season Table (3)'!G83:G154) -> 11.841473 | F12: =AVERAGE(VLOOKUP(D12,Table_0[[Team]:[Home]],5,FALSE),VLOOKUP(最终结果!D8,Table_0__2[[Team]:[Away]],6,FALSE)) -> 114.05 | G12: -3 | H12: 237 | I12: 116.5 | J12: =COUNTIFS(simulation!G:G,"Home") -> 576 | K12: =J12/(J12+J8) -> 0.59137577 | L12: =COUNTIFS(simulation!I:I,"W") -> 518 | M12: =L12/(L12+L8) -> 0.52535497 | P12: =MAX(simulation!F:F) -> 159 | Q12: =MIN(simulation!F:F) -> 79 | W12: Indiana
W13: LA Clippers
W14: LA Lakers
W15: Memphis
G16: 湖人 | H16: 0.58 | W16: Miami
G17: 篮网 | H17: 0.42 | W17: Milwaukee
W18: Minnesota
W19: New Orleans
W20: New York
W21: Okla City
W22: Orlando
W23: Philadelphia
W24: Phoenix
W25: Portland
W26: Sacramento
W27: San Antonio
W28: Toronto
W29: Utah
W30: Washington
